PieceMark,Mark,Size,Grade,ShapeType,ShapeCode,SourceType,FrozenState,Qty,DiameterMm,A,B,C,D,E,F,G,H,H2,J,K,K2,O,TotalLengthMm,TotalAreaMm2,WeightKg,Guid
W10-50,RB10M 0125,10M,400W,stirrup,14,RebarGroup,,2,10,200,140,209,139,200,,,,100,,,,404,860,,0.7,ef983be4-13aa-4fee-83f5-f2b5b0f80576
W10-50,RB10M 0125,10M,400W,stirrup,14,RebarGroup,,2,10,200,140,209,139,200,,,,100,,,,404,860,,0.7,06fe177a-8c17-497e-b4ca-f0da4a25429e
W10-50,RB10M 0040,10M,400W,stirrup,T1,RebarGroup,,10,10,102,161,1676,161,1676,1662.8,102,74.1,,,,,,3790,,3,f82f6aed-ceb5-49a9-af7b-90972bf8e700
W10-50,RB10M 0046,10M,400W,bent,17,RebarGroup,,9,10,323.5,330,161,330,,,,,,,,,,763,,0.6,44d1d4ab-9200-43a4-9868-7e64dd3db2a8
W10-50,RB10M 0046,10M,400W,bent,17,RebarGroup,,10,10,323.5,330,161,330,,,,,,,,,,763,,0.6,d8f12a59-07b0-4f43-b945-b70e17046bc3
W10-50,RS10M 0030,10M,400W,straight,STR,RebarGroup,,2,10,600,610,,,,,,,,,,,,600,,0.5,cb4c61fb-28bc-477f-8d74-982f287b9dcc
W10-50,RS10M 0030,10M,400W,straight,STR,RebarGroup,,2,10,600,610,,,,,,,,,,,,600,,0.5,3246819b-e2cd-4877-9cc8-f2194a851ced
W10-50,RS10M 0030,10M,400W,straight,STR,RebarGroup,,2,10,600,610,,,,,,,,,,,,600,,0.5,c35a3f26-6909-41bb-a1e4-bdf83f597123
W10-50,RS10M 0030,10M,400W,straight,STR,RebarGroup,,2,10,600,610,,,,,,,,,,,,600,,0.5,666271cb-0a4b-4f2a-a00b-36863707a5fe
W10-50,RS10M 0030,10M,400W,straight,STR,RebarGroup,,2,10,600,610,,,,,,,,,,,,600,,0.5,00bf664e-b0d0-4b7a-bd9c-dccb362496cc
W10-50,RS10M 0030,10M,400W,straight,STR,RebarGroup,,2,10,600,610,,,,,,,,,,,,600,,0.5,7e3aea0c-bda0-4db7-b712-d4c5294b6d28
W10-50,RB10M 0051,10M,400W,bent,TS5_1,RebarGroup,,2,10,255,254,254,,,,,,,,,,,749,,0.6,3a91585c-ee08-4cea-819c-b7b07c90d607
W10-50,RB10M 0051,10M,400W,bent,TS5_1,RebarGroup,,2,10,255,254,254,,,,,,,,,,,749,,0.6,d9b14f0c-c004-42bf-8759-b84e35e47af1
W10-50,RS15M 0096,15M,400W,straight,STR,RebarGroup,,2,15,4749.4,4750,,,,,,,,,,,,4750,,7.5,64dd1cff-953e-433d-98af-c8c3ceb0aca4
W10-50,RS15M 0097,15M,400W,straight,STR,RebarGroup,,2,15,2562.7,2566,,,,,,,,,,,,2563,,4,8e4c9125-f644-413b-b624-52f2875aefbd
W10-50,RB10M 0052,10M,400W,stirrup,TS67_2,RebarGroup,,13,10,100,160,279,160,278,160,100,,,,,,,1089,,0.9,9b12d52c-06cb-4bbb-90a9-c0f849827497
W10-50,RS15M 0096,15M,400W,straight,STR,RebarGroup,,2,15,4749.4,4750,,,,,,,,,,,,4750,,7.5,218e1b2f-27af-48c3-be8d-7d983e2311ff
W10-50,RS15M 0097,15M,400W,straight,STR,RebarGroup,,2,15,2562.7,2566,,,,,,,,,,,,2563,,4,1b2659bf-0770-4e90-ae35-fec816b0d793
W10-50,RB10M 0050,10M,400W,stirrup,Unknown,RebarGroup,,12,10,93.1,653.5,147,1215.8,147,616.5,147,321.5,,,,,,4245,,3.3,bcf57388-e311-4c8e-8716-655fe8b045bd
W10-50,RS10M 0208,10M,400W,straight,STR,SingleRebar,,1,10,9266,9271,,,,,,,,,,,,9267,,7.3,af5b0c5a-d314-4fa2-bc69-375b7d17a7aa
W10-50,RS10M 0238,10M,400W,straight,STR,SingleRebar,,1,10,173,178,,,,,,,,,,,,174,,0.1,df0abf9f-8783-4310-afff-7269a5ee2d1e
W10-50,RS10M 0238,10M,400W,straight,STR,SingleRebar,,1,10,173,178,,,,,,,,,,,,174,,0.1,30dead45-f8f3-4974-b401-4b8a5d262518
W10-50,RB10M 0051,10M,400W,bent,TS5_1,RebarGroup,,2,10,255,254,254,,,,,,,,,,,749,,0.6,c049e08c-e281-4b07-85e4-c6e2767c7a59
W10-50,RB10M 0051,10M,400W,bent,TS5_1,RebarGroup,,2,10,255,254,254,,,,,,,,,,,749,,0.6,09cacd7c-c6c3-42a2-b66f-b298be6fdd45
W10-50,RS15M 0173,15M,400W,straight,STR,SingleRebar,,1,15,3199,3201,,,,,,,,,,,,3199,,5,2840e2ae-3df3-42c6-be57-ceeabc2c575e
W10-50,RS15M 0173,15M,400W,straight,STR,SingleRebar,,1,15,3199,3201,,,,,,,,,,,,3199,,5,b51f386c-313c-44a9-be09-92454e52f4c4
W10-50,RB15M 0068,15M,400W,bent,Unknown,RebarGroup,,2,15,509.9,149,509.9,,,,,,,,,,,1136,,1.8,d58e2eed-0efc-4bbd-8b33-a1e7ae67a84b
W10-50,RS10M 0239,10M,400W,straight,STR,SingleRebar,,1,10,8790.3,8789,,,,,,,,,,,,8791,,6.9,00d4a0e0-d293-4fae-b27a-fa5e360f59ad
W10-50,RS10M 0239,10M,400W,straight,STR,SingleRebar,,1,10,8790.3,8789,,,,,,,,,,,,8791,,6.9,e45c4041-96a9-4c2f-8639-a1bb80198fc7
W10-50,RS15M 0240,15M,400W,straight,STR,SingleRebar,,1,15,2362,2363,,,,,,,,,,,,2363,,3.7,65094afc-2271-4204-b894-ec36561b6961
W10-50,RS15M 0240,15M,400W,straight,STR,SingleRebar,,1,15,2362,2363,,,,,,,,,,,,2363,,3.7,00a84b34-235d-4d92-a7be-72da211565d3
W10-50,RS15M 0241,15M,400W,straight,STR,SingleRebar,,1,15,237,229,,,,,,,,,,,,237,,0.4,0a6a4684-5a6a-4f27-9b68-6f3712736449
W10-50,RS15M 0059,15M,400W,straight,STR,RebarGroup,,14,15,2617.9,2617,,,,,,,,,,,,2618,,4.1,ab153ecd-a2ab-4e57-a0bf-8b3fef137da6
W10-50,RS15M 0058,15M,400W,straight,STR,RebarGroup,,14,15,2875,2871,,,,,,,,,,,,2875,,4.5,8e60c215-1eaf-4e30-af05-c3d98cc2e6e7
W10-50,RS10M 0208,10M,400W,straight,STR,RebarGroup,,2,10,9266,9271,,,,,,,,,,,,9267,,7.3,d214b1fc-2603-4941-94dc-c0d86ea45996
W10-50,RS15M 0029,15M,400W,straight,STR,RebarGroup,,2,15,7887.2,7900,,,,,,,,,,,,7888,,12.4,c3b5e5e7-fdf8-4a3b-8bec-d0e2e4bb7707
W10-50,RS15M 0029,15M,400W,straight,STR,RebarGroup,,2,15,7887.2,7900,,,,,,,,,,,,7888,,12.4,dd62da24-80c4-47f6-a870-cec2f84b4cba
W10-50,RS10M 0251,10M,400W,straight,STR,RebarGroup,,6,10,2015.1,2007,,,,,,,,,,,,2016,,1.6,2bff747c-dc61-40ff-b0e5-7e38bb43edc4
W10-50,RS10M 0251,10M,400W,straight,STR,RebarGroup,,6,10,2015.1,2007,,,,,,,,,,,,2016,,1.6,f12404ce-8173-4d1b-94a0-fe0406b04e8e
W10-50,RS15M 0095,15M,400W,straight,STR,SingleRebar,,1,15,9266,9271,,,,,,,,,,,,9267,,14.5,a9754a96-03e1-4d5b-8cff-ffe8bd17306a
W10-50,RS15M 0268,15M,400W,straight,STR,SingleRebar,,1,15,8790,8789,,,,,,,,,,,,8790,,13.8,4f343447-a7d0-4b21-bb00-168f8904bfba
W10-50,RS15M 0095,15M,400W,straight,STR,SingleRebar,,1,15,9266,9271,,,,,,,,,,,,9267,,14.5,927e32ff-038b-42b7-820b-b5640a9f8fb2
W10-50,RS15M 0268,15M,400W,straight,STR,SingleRebar,,1,15,8790,8789,,,,,,,,,,,,8790,,13.8,e65c6c9b-aeef-45c5-87b9-ceb9b4f80c2d
W10-50,RS15M 0269,15M,400W,straight,STR,SingleRebar,,1,15,173.1,178,,,,,,,,,,,,174,,0.3,65b6bc25-f531-48cd-bb04-b31b037d8983
W10-50,RS15M 0269,15M,400W,straight,STR,SingleRebar,,1,15,173.1,178,,,,,,,,,,,,174,,0.3,28de2c74-a3a3-4ed5-8c37-48cac7211e20
W10-50,RB10M 0135,10M,400W,stirrup,Unknown,RebarGroup,,22,10,754.6,181,503.8,181,37.5,80,,,,,,,,1692,,1.3,93b6d81a-3ae5-47bf-88f7-9e6904250e89
W10-50,RB10M 0049,10M,400W,stirrup,T1,RebarGroup,,12,10,99,189,194,189,194,181,99,80,,,,,,890,,0.7,e84e926d-bbdc-49b1-852d-f80e411b7637
W10-50,RS10M 0180,10M,400W,straight,STR,RebarGroup,,6,10,2617.2,2617,,,,,,,,,,,,2618,,2.1,246b7046-9458-4830-9401-71844c2a3d95
W10-50,RS10M 0195,10M,400W,straight,STR,RebarGroup,,6,10,2873.4,2871,,,,,,,,,,,,2874,,2.3,c81ebfbe-3d26-4d52-9ac6-5e07d88f3b88
W10-50,RB25M 0139,25M,400W,bent,17,SingleRebar,,1,25,198,212,2085,212,,,,,,,,,,2377,,9.3,34e5be79-73b0-4e0b-ad09-f1f98a1dcc30
W10-50,RB10M 0125,10M,400W,stirrup,14,RebarGroup,,2,10,200,140,209,139,200,,,,100,,,,404,860,,0.7,ef983be4-13aa-4fee-83f5-f2b5b0f80576
W10-50,RB10M 0125,10M,400W,stirrup,14,RebarGroup,,2,10,200,140,209,139,200,,,,100,,,,404,860,,0.7,06fe177a-8c17-497e-b4ca-f0da4a25429e
W10-50,RB10M 0040,10M,400W,stirrup,T1,RebarGroup,,10,10,102,161,1676,161,1676,1662.8,102,74.1,,,,,,3790,,3,f82f6aed-ceb5-49a9-af7b-90972bf8e700
W10-50,RB10M 0046,10M,400W,bent,17,RebarGroup,,9,10,323.5,330,161,330,,,,,,,,,,763,,0.6,44d1d4ab-9200-43a4-9868-7e64dd3db2a8
W10-50,RB10M 0046,10M,400W,bent,17,RebarGroup,,10,10,323.5,330,161,330,,,,,,,,,,763,,0.6,d8f12a59-07b0-4f43-b945-b70e17046bc3
W10-50,RS10M 0030,10M,400W,straight,STR,RebarGroup,,2,10,600,610,,,,,,,,,,,,600,,0.5,cb4c61fb-28bc-477f-8d74-982f287b9dcc
W10-50,RS10M 0030,10M,400W,straight,STR,RebarGroup,,2,10,600,610,,,,,,,,,,,,600,,0.5,3246819b-e2cd-4877-9cc8-f2194a851ced
W10-50,RS10M 0030,10M,400W,straight,STR,RebarGroup,,2,10,600,610,,,,,,,,,,,,600,,0.5,c35a3f26-6909-41bb-a1e4-bdf83f597123
W10-50,RS10M 0030,10M,400W,straight,STR,RebarGroup,,2,10,600,610,,,,,,,,,,,,600,,0.5,666271cb-0a4b-4f2a-a00b-36863707a5fe
W10-50,RS10M 0030,10M,400W,straight,STR,RebarGroup,,2,10,600,610,,,,,,,,,,,,600,,0.5,00bf664e-b0d0-4b7a-bd9c-dccb362496cc
W10-50,RS10M 0030,10M,400W,straight,STR,RebarGroup,,2,10,600,610,,,,,,,,,,,,600,,0.5,7e3aea0c-bda0-4db7-b712-d4c5294b6d28
W10-50,RB10M 0051,10M,400W,bent,TS5_1,RebarGroup,,2,10,255,254,254,,,,,,,,,,,749,,0.6,3a91585c-ee08-4cea-819c-b7b07c90d607
W10-50,RB10M 0051,10M,400W,bent,TS5_1,RebarGroup,,2,10,255,254,254,,,,,,,,,,,749,,0.6,d9b14f0c-c004-42bf-8759-b84e35e47af1
W10-50,RS15M 0096,15M,400W,straight,STR,RebarGroup,,2,15,4749.4,4750,,,,,,,,,,,,4750,,7.5,64dd1cff-953e-433d-98af-c8c3ceb0aca4
W10-50,RS15M 0097,15M,400W,straight,STR,RebarGroup,,2,15,2562.7,2566,,,,,,,,,,,,2563,,4,8e4c9125-f644-413b-b624-52f2875aefbd
W10-50,RB10M 0052,10M,400W,stirrup,TS67_2,RebarGroup,,13,10,100,160,279,160,278,160,100,,,,,,,1089,,0.9,9b12d52c-06cb-4bbb-90a9-c0f849827497
W10-50,RS15M 0096,15M,400W,straight,STR,RebarGroup,,2,15,4749.4,4750,,,,,,,,,,,,4750,,7.5,218e1b2f-27af-48c3-be8d-7d983e2311ff
W10-50,RS15M 0097,15M,400W,straight,STR,RebarGroup,,2,15,2562.7,2566,,,,,,,,,,,,2563,,4,1b2659bf-0770-4e90-ae35-fec816b0d793
W10-50,RB10M 0050,10M,400W,stirrup,Unknown,RebarGroup,,12,10,93.1,653.5,147,1215.8,147,616.5,147,321.5,,,,,,4245,,3.3,bcf57388-e311-4c8e-8716-655fe8b045bd
W10-50,RS10M 0208,10M,400W,straight,STR,SingleRebar,,1,10,9266,9271,,,,,,,,,,,,9267,,7.3,af5b0c5a-d314-4fa2-bc69-375b7d17a7aa
W10-50,RS10M 0238,10M,400W,straight,STR,SingleRebar,,1,10,173,178,,,,,,,,,,,,174,,0.1,df0abf9f-8783-4310-afff-7269a5ee2d1e
W10-50,RS10M 0238,10M,400W,straight,STR,SingleRebar,,1,10,173,178,,,,,,,,,,,,174,,0.1,30dead45-f8f3-4974-b401-4b8a5d262518
W10-50,RB10M 0051,10M,400W,bent,TS5_1,RebarGroup,,2,10,255,254,254,,,,,,,,,,,749,,0.6,c049e08c-e281-4b07-85e4-c6e2767c7a59
W10-50,RB10M 0051,10M,400W,bent,TS5_1,RebarGroup,,2,10,255,254,254,,,,,,,,,,,749,,0.6,09cacd7c-c6c3-42a2-b66f-b298be6fdd45
W10-50,RS15M 0173,15M,400W,straight,STR,SingleRebar,,1,15,3199,3201,,,,,,,,,,,,3199,,5,2840e2ae-3df3-42c6-be57-ceeabc2c575e
W10-50,RS15M 0173,15M,400W,straight,STR,SingleRebar,,1,15,3199,3201,,,,,,,,,,,,3199,,5,b51f386c-313c-44a9-be09-92454e52f4c4
W10-50,RB15M 0068,15M,400W,bent,Unknown,RebarGroup,,2,15,509.9,149,509.9,,,,,,,,,,,1136,,1.8,d58e2eed-0efc-4bbd-8b33-a1e7ae67a84b
W10-50,RS10M 0239,10M,400W,straight,STR,SingleRebar,,1,10,8790.3,8789,,,,,,,,,,,,8791,,6.9,00d4a0e0-d293-4fae-b27a-fa5e360f59ad
W10-50,RS10M 0239,10M,400W,straight,STR,SingleRebar,,1,10,8790.3,8789,,,,,,,,,,,,8791,,6.9,e45c4041-96a9-4c2f-8639-a1bb80198fc7
W10-50,RS15M 0240,15M,400W,straight,STR,SingleRebar,,1,15,2362,2363,,,,,,,,,,,,2363,,3.7,65094afc-2271-4204-b894-ec36561b6961
W10-50,RS15M 0240,15M,400W,straight,STR,SingleRebar,,1,15,2362,2363,,,,,,,,,,,,2363,,3.7,00a84b34-235d-4d92-a7be-72da211565d3
W10-50,RS15M 0241,15M,400W,straight,STR,SingleRebar,,1,15,237,229,,,,,,,,,,,,237,,0.4,0a6a4684-5a6a-4f27-9b68-6f3712736449
W10-50,RS15M 0059,15M,400W,straight,STR,RebarGroup,,14,15,2617.9,2617,,,,,,,,,,,,2618,,4.1,ab153ecd-a2ab-4e57-a0bf-8b3fef137da6
W10-50,RS15M 0058,15M,400W,straight,STR,RebarGroup,,14,15,2875,2871,,,,,,,,,,,,2875,,4.5,8e60c215-1eaf-4e30-af05-c3d98cc2e6e7
W10-50,RS10M 0208,10M,400W,straight,STR,RebarGroup,,2,10,9266,9271,,,,,,,,,,,,9267,,7.3,d214b1fc-2603-4941-94dc-c0d86ea45996
W10-50,RS15M 0029,15M,400W,straight,STR,RebarGroup,,2,15,7887.2,7900,,,,,,,,,,,,7888,,12.4,c3b5e5e7-fdf8-4a3b-8bec-d0e2e4bb7707
W10-50,RS15M 0029,15M,400W,straight,STR,RebarGroup,,2,15,7887.2,7900,,,,,,,,,,,,7888,,12.4,dd62da24-80c4-47f6-a870-cec2f84b4cba
W10-50,RS10M 0251,10M,400W,straight,STR,RebarGroup,,6,10,2015.1,2007,,,,,,,,,,,,2016,,1.6,2bff747c-dc61-40ff-b0e5-7e38bb43edc4
W10-50,RS10M 0251,10M,400W,straight,STR,RebarGroup,,6,10,2015.1,2007,,,,,,,,,,,,2016,,1.6,f12404ce-8173-4d1b-94a0-fe0406b04e8e
W10-50,RS15M 0095,15M,400W,straight,STR,SingleRebar,,1,15,9266,9271,,,,,,,,,,,,9267,,14.5,a9754a96-03e1-4d5b-8cff-ffe8bd17306a
W10-50,RS15M 0268,15M,400W,straight,STR,SingleRebar,,1,15,8790,8789,,,,,,,,,,,,8790,,13.8,4f343447-a7d0-4b21-bb00-168f8904bfba
W10-50,RS15M 0095,15M,400W,straight,STR,SingleRebar,,1,15,9266,9271,,,,,,,,,,,,9267,,14.5,927e32ff-038b-42b7-820b-b5640a9f8fb2
W10-50,RS15M 0268,15M,400W,straight,STR,SingleRebar,,1,15,8790,8789,,,,,,,,,,,,8790,,13.8,e65c6c9b-aeef-45c5-87b9-ceb9b4f80c2d
W10-50,RS15M 0269,15M,400W,straight,STR,SingleRebar,,1,15,173.1,178,,,,,,,,,,,,174,,0.3,65b6bc25-f531-48cd-bb04-b31b037d8983
W10-50,RS15M 0269,15M,400W,straight,STR,SingleRebar,,1,15,173.1,178,,,,,,,,,,,,174,,0.3,28de2c74-a3a3-4ed5-8c37-48cac7211e20
W10-50,RB10M 0135,10M,400W,stirrup,Unknown,RebarGroup,,22,10,754.6,181,503.8,181,37.5,80,,,,,,,,1692,,1.3,93b6d81a-3ae5-47bf-88f7-9e6904250e89
W10-50,RB10M 0049,10M,400W,stirrup,T1,RebarGroup,,12,10,99,189,194,189,194,181,99,80,,,,,,890,,0.7,e84e926d-bbdc-49b1-852d-f80e411b7637
W10-50,RS10M 0180,10M,400W,straight,STR,RebarGroup,,6,10,2617.2,2617,,,,,,,,,,,,2618,,2.1,246b7046-9458-4830-9401-71844c2a3d95
W10-50,RS10M 0195,10M,400W,straight,STR,RebarGroup,,6,10,2873.4,2871,,,,,,,,,,,,2874,,2.3,c81ebfbe-3d26-4d52-9ac6-5e07d88f3b88
W10-50,RB25M 0139,25M,400W,bent,17,SingleRebar,,1,25,198,212,2085,212,,,,,,,,,,2377,,9.3,34e5be79-73b0-4e0b-ad09-f1f98a1dcc30
W10-50,RB10M 0125,10M,400W,stirrup,14,RebarGroup,,2,10,200,140,209,139,200,,,,100,,,,404,860,,0.7,ef983be4-13aa-4fee-83f5-f2b5b0f80576
W10-50,RB10M 0125,10M,400W,stirrup,14,RebarGroup,,2,10,200,140,209,139,200,,,,100,,,,404,860,,0.7,06fe177a-8c17-497e-b4ca-f0da4a25429e
W10-50,RB10M 0040,10M,400W,stirrup,T1,RebarGroup,,10,10,102,161,1676,161,1676,1662.8,102,74.1,,,,,,3790,,3,f82f6aed-ceb5-49a9-af7b-90972bf8e700
W10-50,RB10M 0046,10M,400W,bent,17,RebarGroup,,9,10,323.5,330,161,330,,,,,,,,,,763,,0.6,44d1d4ab-9200-43a4-9868-7e64dd3db2a8
W10-50,RB10M 0046,10M,400W,bent,17,RebarGroup,,10,10,323.5,330,161,330,,,,,,,,,,763,,0.6,d8f12a59-07b0-4f43-b945-b70e17046bc3
W10-50,RS10M 0030,10M,400W,straight,STR,RebarGroup,,2,10,600,610,,,,,,,,,,,,600,,0.5,cb4c61fb-28bc-477f-8d74-982f287b9dcc
W10-50,RS10M 0030,10M,400W,straight,STR,RebarGroup,,2,10,600,610,,,,,,,,,,,,600,,0.5,3246819b-e2cd-4877-9cc8-f2194a851ced
W10-50,RS10M 0030,10M,400W,straight,STR,RebarGroup,,2,10,600,610,,,,,,,,,,,,600,,0.5,c35a3f26-6909-41bb-a1e4-bdf83f597123
W10-50,RS10M 0030,10M,400W,straight,STR,RebarGroup,,2,10,600,610,,,,,,,,,,,,600,,0.5,666271cb-0a4b-4f2a-a00b-36863707a5fe
W10-50,RS10M 0030,10M,400W,straight,STR,RebarGroup,,2,10,600,610,,,,,,,,,,,,600,,0.5,00bf664e-b0d0-4b7a-bd9c-dccb362496cc
W10-50,RS10M 0030,10M,400W,straight,STR,RebarGroup,,2,10,600,610,,,,,,,,,,,,600,,0.5,7e3aea0c-bda0-4db7-b712-d4c5294b6d28
W10-50,RB10M 0051,10M,400W,bent,TS5_1,RebarGroup,,2,10,255,254,254,,,,,,,,,,,749,,0.6,3a91585c-ee08-4cea-819c-b7b07c90d607
W10-50,RB10M 0051,10M,400W,bent,TS5_1,RebarGroup,,2,10,255,254,254,,,,,,,,,,,749,,0.6,d9b14f0c-c004-42bf-8759-b84e35e47af1
W10-50,RS15M 0096,15M,400W,straight,STR,RebarGroup,,2,15,4749.4,4750,,,,,,,,,,,,4750,,7.5,64dd1cff-953e-433d-98af-c8c3ceb0aca4
W10-50,RS15M 0097,15M,400W,straight,STR,RebarGroup,,2,15,2562.7,2566,,,,,,,,,,,,2563,,4,8e4c9125-f644-413b-b624-52f2875aefbd
W10-50,RB10M 0052,10M,400W,stirrup,TS67_2,RebarGroup,,13,10,100,160,279,160,278,160,100,,,,,,,1089,,0.9,9b12d52c-06cb-4bbb-90a9-c0f849827497
W10-50,RS15M 0096,15M,400W,straight,STR,RebarGroup,,2,15,4749.4,4750,,,,,,,,,,,,4750,,7.5,218e1b2f-27af-48c3-be8d-7d983e2311ff
W10-50,RS15M 0097,15M,400W,straight,STR,RebarGroup,,2,15,2562.7,2566,,,,,,,,,,,,2563,,4,1b2659bf-0770-4e90-ae35-fec816b0d793
W10-50,RB10M 0050,10M,400W,stirrup,Unknown,RebarGroup,,12,10,93.1,653.5,147,1215.8,147,616.5,147,321.5,,,,,,4245,,3.3,bcf57388-e311-4c8e-8716-655fe8b045bd
W10-50,RS10M 0208,10M,400W,straight,STR,SingleRebar,,1,10,9266,9271,,,,,,,,,,,,9267,,7.3,af5b0c5a-d314-4fa2-bc69-375b7d17a7aa
W10-50,RS10M 0238,10M,400W,straight,STR,SingleRebar,,1,10,173,178,,,,,,,,,,,,174,,0.1,df0abf9f-8783-4310-afff-7269a5ee2d1e
W10-50,RS10M 0238,10M,400W,straight,STR,SingleRebar,,1,10,173,178,,,,,,,,,,,,174,,0.1,30dead45-f8f3-4974-b401-4b8a5d262518
W10-50,RB10M 0051,10M,400W,bent,TS5_1,RebarGroup,,2,10,255,254,254,,,,,,,,,,,749,,0.6,c049e08c-e281-4b07-85e4-c6e2767c7a59
W10-50,RB10M 0051,10M,400W,bent,TS5_1,RebarGroup,,2,10,255,254,254,,,,,,,,,,,749,,0.6,09cacd7c-c6c3-42a2-b66f-b298be6fdd45
W10-50,RS15M 0173,15M,400W,straight,STR,SingleRebar,,1,15,3199,3201,,,,,,,,,,,,3199,,5,2840e2ae-3df3-42c6-be57-ceeabc2c575e
W10-50,RS15M 0173,15M,400W,straight,STR,SingleRebar,,1,15,3199,3201,,,,,,,,,,,,3199,,5,b51f386c-313c-44a9-be09-92454e52f4c4
W10-50,RB15M 0068,15M,400W,bent,Unknown,RebarGroup,,2,15,509.9,149,509.9,,,,,,,,,,,1136,,1.8,d58e2eed-0efc-4bbd-8b33-a1e7ae67a84b
W10-50,RS10M 0239,10M,400W,straight,STR,SingleRebar,,1,10,8790.3,8789,,,,,,,,,,,,8791,,6.9,00d4a0e0-d293-4fae-b27a-fa5e360f59ad
W10-50,RS10M 0239,10M,400W,straight,STR,SingleRebar,,1,10,8790.3,8789,,,,,,,,,,,,8791,,6.9,e45c4041-96a9-4c2f-8639-a1bb80198fc7
W10-50,RS15M 0240,15M,400W,straight,STR,SingleRebar,,1,15,2362,2363,,,,,,,,,,,,2363,,3.7,65094afc-2271-4204-b894-ec36561b6961
W10-50,RS15M 0240,15M,400W,straight,STR,SingleRebar,,1,15,2362,2363,,,,,,,,,,,,2363,,3.7,00a84b34-235d-4d92-a7be-72da211565d3
W10-50,RS15M 0241,15M,400W,straight,STR,SingleRebar,,1,15,237,229,,,,,,,,,,,,237,,0.4,0a6a4684-5a6a-4f27-9b68-6f3712736449
W10-50,RS15M 0059,15M,400W,straight,STR,RebarGroup,,14,15,2617.9,2617,,,,,,,,,,,,2618,,4.1,ab153ecd-a2ab-4e57-a0bf-8b3fef137da6
W10-50,RS15M 0058,15M,400W,straight,STR,RebarGroup,,14,15,2875,2871,,,,,,,,,,,,2875,,4.5,8e60c215-1eaf-4e30-af05-c3d98cc2e6e7
W10-50,RS10M 0208,10M,400W,straight,STR,RebarGroup,,2,10,9266,9271,,,,,,,,,,,,9267,,7.3,d214b1fc-2603-4941-94dc-c0d86ea45996
W10-50,RS15M 0029,15M,400W,straight,STR,RebarGroup,,2,15,7887.2,7900,,,,,,,,,,,,7888,,12.4,c3b5e5e7-fdf8-4a3b-8bec-d0e2e4bb7707
W10-50,RS15M 0029,15M,400W,straight,STR,RebarGroup,,2,15,7887.2,7900,,,,,,,,,,,,7888,,12.4,dd62da24-80c4-47f6-a870-cec2f84b4cba
W10-50,RS10M 0251,10M,400W,straight,STR,RebarGroup,,6,10,2015.1,2007,,,,,,,,,,,,2016,,1.6,2bff747c-dc61-40ff-b0e5-7e38bb43edc4
W10-50,RS10M 0251,10M,400W,straight,STR,RebarGroup,,6,10,2015.1,2007,,,,,,,,,,,,2016,,1.6,f12404ce-8173-4d1b-94a0-fe0406b04e8e
W10-50,RS15M 0095,15M,400W,straight,STR,SingleRebar,,1,15,9266,9271,,,,,,,,,,,,9267,,14.5,a9754a96-03e1-4d5b-8cff-ffe8bd17306a
W10-50,RS15M 0268,15M,400W,straight,STR,SingleRebar,,1,15,8790,8789,,,,,,,,,,,,8790,,13.8,4f343447-a7d0-4b21-bb00-168f8904bfba
W10-50,RS15M 0095,15M,400W,straight,STR,SingleRebar,,1,15,9266,9271,,,,,,,,,,,,9267,,14.5,927e32ff-038b-42b7-820b-b5640a9f8fb2
W10-50,RS15M 0268,15M,400W,straight,STR,SingleRebar,,1,15,8790,8789,,,,,,,,,,,,8790,,13.8,e65c6c9b-aeef-45c5-87b9-ceb9b4f80c2d
W10-50,RS15M 0269,15M,400W,straight,STR,SingleRebar,,1,15,173.1,178,,,,,,,,,,,,174,,0.3,65b6bc25-f531-48cd-bb04-b31b037d8983
W10-50,RS15M 0269,15M,400W,straight,STR,SingleRebar,,1,15,173.1,178,,,,,,,,,,,,174,,0.3,28de2c74-a3a3-4ed5-8c37-48cac7211e20
W10-50,RB10M 0135,10M,400W,stirrup,Unknown,RebarGroup,,22,10,754.6,181,503.8,181,37.5,80,,,,,,,,1692,,1.3,93b6d81a-3ae5-47bf-88f7-9e6904250e89
W10-50,RB10M 0049,10M,400W,stirrup,T1,RebarGroup,,12,10,99,189,194,189,194,181,99,80,,,,,,890,,0.7,e84e926d-bbdc-49b1-852d-f80e411b7637
W10-50,RS10M 0180,10M,400W,straight,STR,RebarGroup,,6,10,2617.2,2617,,,,,,,,,,,,2618,,2.1,246b7046-9458-4830-9401-71844c2a3d95
W10-50,RS10M 0195,10M,400W,straight,STR,RebarGroup,,6,10,2873.4,2871,,,,,,,,,,,,2874,,2.3,c81ebfbe-3d26-4d52-9ac6-5e07d88f3b88
W10-50,RB25M 0139,25M,400W,bent,17,SingleRebar,,1,25,198,212,2085,212,,,,,,,,,,2377,,9.3,34e5be79-73b0-4e0b-ad09-f1f98a1dcc30
W10-34,RB25M 0139,25M,400W,bent,17,SingleRebar,,1,25,198,212,2085,212,,,,,,,,,,2377,,9.3,9055e134-a6bb-4abe-ab5c-38e9f8bf3b29
W10-34,RB10M 0040,10M,400W,stirrup,T1,RebarGroup,,11,10,102,161,1676,161,1676,1662.8,102,74.1,,,,,,3790,,3,7dabacfd-b359-43f3-afa4-1e2980279c62
W10-34,RS10M 0091,10M,400W,straight,STR,RebarGroup,,8,10,2002.4,2007,,,,,,,,,,,,2003,,1.6,59e2337a-630a-4750-9f0c-13e81112702e
W10-34,RS10M 0091,10M,400W,straight,STR,RebarGroup,,8,10,2002.4,2007,,,,,,,,,,,,2003,,1.6,cf53b40b-d993-415c-b36d-3870f4beb307
W10-34,RB10M 0046,10M,400W,bent,17,RebarGroup,,9,10,323.5,330,161,330,,,,,,,,,,763,,0.6,eb0d7ddd-391e-47de-ba22-f4e347436b73
W10-34,RB10M 0046,10M,400W,bent,17,RebarGroup,,11,10,323.5,330,161,330,,,,,,,,,,763,,0.6,b49d8d70-1f91-4661-8ab1-6645fe424d72
W10-34,RS10M 0030,10M,400W,straight,STR,RebarGroup,,2,10,600,610,,,,,,,,,,,,600,,0.5,5dbf4a6f-765b-46c2-8b60-6aa8df3e472f
W10-34,RS10M 0030,10M,400W,straight,STR,RebarGroup,,2,10,600,610,,,,,,,,,,,,600,,0.5,d37b478b-4b7b-4a4b-bc3b-8d7c9cb21b3c
W10-34,RS10M 0030,10M,400W,straight,STR,RebarGroup,,2,10,600,610,,,,,,,,,,,,600,,0.5,59cac20b-d1e5-415e-9912-83899ed0827e
W10-34,RS10M 0030,10M,400W,straight,STR,RebarGroup,,2,10,600,610,,,,,,,,,,,,600,,0.5,9c4dc9a2-890c-4df9-b0ed-aba8761a66e3
W10-34,RS10M 0030,10M,400W,straight,STR,RebarGroup,,2,10,600,610,,,,,,,,,,,,600,,0.5,24033008-4496-4f68-888c-6a83ecc60624
W10-34,RS10M 0030,10M,400W,straight,STR,RebarGroup,,2,10,600,610,,,,,,,,,,,,600,,0.5,3422ee59-1e84-473a-a4cb-a36f216121c5
W10-34,RB10M 0051,10M,400W,bent,TS5_1,RebarGroup,,2,10,255,254,254,,,,,,,,,,,749,,0.6,1a5f7ca9-c958-4e3b-8dbd-5bdbefa4ef68
W10-34,RB10M 0051,10M,400W,bent,TS5_1,RebarGroup,,2,10,255,254,254,,,,,,,,,,,749,,0.6,d4348e31-c1dc-4bcf-baa1-6433104719ff
W10-34,RS15M 0093,15M,400W,straight,STR,SingleRebar,,1,15,1897,1905,,,,,,,,,,,,1898,,3,106c1c31-b99d-40bf-b769-e30722ccd7a0
W10-34,RS15M 0094,15M,400W,straight,STR,SingleRebar,,1,15,4912.2,4903,,,,,,,,,,,,4913,,7.7,e3689c67-4959-4238-b38e-26558297f005
W10-34,RS15M 0094,15M,400W,straight,STR,SingleRebar,,1,15,4912.2,4903,,,,,,,,,,,,4913,,7.7,774732eb-4126-4de2-b56b-0e89c9edf829
W10-34,RS15M 0093,15M,400W,straight,STR,SingleRebar,,1,15,1897,1905,,,,,,,,,,,,1898,,3,6cb51c6a-6dd1-4c8f-b36b-8312badb2128
W10-34,RS15M 0096,15M,400W,straight,STR,RebarGroup,,2,15,4749.4,4750,,,,,,,,,,,,4750,,7.5,9570f35d-4b64-4e4d-a844-2881d5c275a5
W10-34,RS15M 0097,15M,400W,straight,STR,RebarGroup,,2,15,2562.7,2566,,,,,,,,,,,,2563,,4,369ddabd-cb8e-44c6-b38d-ac4d784ca34f
W10-34,RB10M 0052,10M,400W,stirrup,TS67_2,RebarGroup,,14,10,100,160,279,160,278,160,100,,,,,,,1089,,0.9,47e81199-aa32-402b-b14c-75431704eadc
W10-34,RS15M 0023,15M,400W,straight,STR,RebarGroup,,15,15,3116.4,3125,,,,,,,,,,,,3117,,4.9,cca5415c-c281-44c2-83d0-91cb41d87cb5
W10-34,RS10M 0021,10M,400W,straight,STR,RebarGroup,,6,10,3116.4,3125,,,,,,,,,,,,3117,,2.4,447096d5-5e7c-4fee-aad4-c7d2733579ad
W10-34,RS10M 0064,10M,400W,straight,STR,RebarGroup,,6,10,3373.4,3379,,,,,,,,,,,,3374,,2.6,be6717e3-c6c9-4d88-901c-0357e4266664
W10-34,RB15M 0068,15M,400W,bent,Unknown,RebarGroup,,2,15,509.9,149,509.9,,,,,,,,,,,1136,,1.8,2e783e77-4e52-42a0-9c07-5269e4e76a95
W10-34,RS10M 0208,10M,400W,straight,STR,RebarGroup,,4,10,9264.4,9271,,,,,,,,,,,,9265,,7.3,26a87026-ecef-4be4-a0c8-3d7cfee5341b
W10-34,RS10M 0208,10M,400W,straight,STR,RebarGroup,,3,10,9264.4,9271,,,,,,,,,,,,9265,,7.3,79b13981-d596-4863-bed3-b3c31c7c3534
W10-34,RS15M 0096,15M,400W,straight,STR,RebarGroup,,2,15,4749.4,4750,,,,,,,,,,,,4750,,7.5,8a928eb2-3d16-4bb0-8075-964512b26bd9
W10-34,RS15M 0097,15M,400W,straight,STR,RebarGroup,,2,15,2562.7,2566,,,,,,,,,,,,2563,,4,99c19b99-768f-402e-9698-3fc4b24a0f3a
W10-34,RB10M 0050,10M,400W,stirrup,Unknown,RebarGroup,,15,10,93.1,653.5,147,1215.8,147,616.5,147,321.5,,,,,,4245,,3.3,2ad362fb-67e1-480c-96f1-f416a011223d
W10-34,RS15M 0019,15M,400W,straight,STR,RebarGroup,,15,15,3373.4,3379,,,,,,,,,,,,3374,,5.3,8b682681-09a6-4964-a9b4-1c091e322193
W10-34,RB10M 0051,10M,400W,bent,TS5_1,RebarGroup,,2,10,255,254,254,,,,,,,,,,,749,,0.6,43f90d58-3036-40e0-a0dd-93f59d85782a
W10-34,RB10M 0051,10M,400W,bent,TS5_1,RebarGroup,,2,10,255,254,254,,,,,,,,,,,749,,0.6,7cc72260-3b62-45b0-8b39-5506eae07d0c
W10-34,RS15M 0095,15M,400W,straight,STR,SingleRebar,,1,15,9264.4,9271,,,,,,,,,,,,9265,,14.5,558a6046-9ec9-4019-b2da-b41f56963b51
W10-34,RS15M 0255,15M,400W,straight,STR,SingleRebar,,1,15,1831.5,1829,,,,,,,,,,,,1832,,2.9,f15c8983-0fff-4ba2-872d-ffb642d6ea1f
W10-34,RS15M 0095,15M,400W,straight,STR,SingleRebar,,1,15,9264.4,9271,,,,,,,,,,,,9265,,14.5,8d57536a-7aae-4cbd-b26d-2dc6cc34ae72
W10-34,RS15M 0255,15M,400W,straight,STR,SingleRebar,,1,15,1831.5,1829,,,,,,,,,,,,1832,,2.9,33db7b73-5d85-4290-8429-67798a9ba476
W10-34,RS15M 0023,15M,400W,straight,STR,SingleRebar,,1,15,3116.4,3125,,,,,,,,,,,,3117,,4.9,98c0e139-4902-4031-bc76-799df0c70068
W10-34,RS15M 0023,15M,400W,straight,STR,SingleRebar,,1,15,3116.4,3125,,,,,,,,,,,,3117,,4.9,4e5eea88-3fea-44f9-afe4-71bbb78e1ea5
W10-34,RS15M 0256,15M,400W,straight,STR,SingleRebar,,1,15,3961,3963,,,,,,,,,,,,3961,,6.2,f5eb6a8e-8bf7-44d1-bb25-57911d6482d7
W10-34,RS15M 0256,15M,400W,straight,STR,SingleRebar,,1,15,3961,3963,,,,,,,,,,,,3961,,6.2,9e88febb-ac80-428f-aadb-203edd550667
W10-34,RB10M 0016,10M,400W,stirrup,Unknown,RebarGroup,,22,10,80,37.5,181,705.8,181,956.6,,,,,,,,2096,,1.6,0644d6e8-a607-4601-af87-7439831a9725
W10-34,RB10M 0049,10M,400W,stirrup,T1,RebarGroup,,12,10,99,189,194,189,194,175.8,99,80,,,,,,890,,0.7,1e556ecb-de2d-4bae-a297-84b4e5a90c87
W10-67,RB10M 0125,10M,400W,stirrup,14,RebarGroup,,2,10,200,140,209,139,200,,,,100,,,,404,860,,0.7,24bab22a-d09a-48a0-824f-6dd9fd773b8d
W10-67,RB10M 0125,10M,400W,stirrup,14,RebarGroup,,2,10,200,140,209,139,200,,,,100,,,,404,860,,0.7,cdbaf36d-a947-4c85-94d4-4caadeee3093
W10-67,RB10M 0040,10M,400W,stirrup,T1,RebarGroup,,10,10,102,161,1676,161,1676,1662.8,102,74.1,,,,,,3790,,3,f44d9198-646c-4133-9c8b-ce6bd7595c7f
W10-67,RB10M 0046,10M,400W,bent,17,RebarGroup,,9,10,323.5,330,161,330,,,,,,,,,,763,,0.6,4cb6545e-a39c-4152-a61a-7c419697d515
W10-67,RB10M 0046,10M,400W,bent,17,RebarGroup,,10,10,323.5,330,161,330,,,,,,,,,,763,,0.6,b403f29b-4539-4a2b-8b9c-6d4595656f16
W10-67,RS10M 0030,10M,400W,straight,STR,RebarGroup,,2,10,600,610,,,,,,,,,,,,600,,0.5,a152a7f1-7036-4b2c-9a04-bb5b0e0ff904
W10-67,RS10M 0030,10M,400W,straight,STR,RebarGroup,,2,10,600,610,,,,,,,,,,,,600,,0.5,f0e578f8-0b78-46dd-aa7f-06c9a7759ff7
W10-67,RS10M 0030,10M,400W,straight,STR,RebarGroup,,2,10,600,610,,,,,,,,,,,,600,,0.5,877bc387-ed0d-4e5e-bfa9-ea0f074ce178
W10-67,RS10M 0030,10M,400W,straight,STR,RebarGroup,,2,10,600,610,,,,,,,,,,,,600,,0.5,d8be4dc1-ca12-4df3-a6a6-86aa99cdab2b
W10-67,RS10M 0030,10M,400W,straight,STR,RebarGroup,,2,10,600,610,,,,,,,,,,,,600,,0.5,8c6b2c54-2c62-4a42-935d-57fb591be343
W10-67,RS10M 0030,10M,400W,straight,STR,RebarGroup,,2,10,600,610,,,,,,,,,,,,600,,0.5,524e7501-6c53-4bfb-99b1-817e3a5e981a
W10-67,RB10M 0051,10M,400W,bent,TS5_1,RebarGroup,,2,10,255,254,254,,,,,,,,,,,749,,0.6,a85cb6da-de07-472d-bfd6-5367379101c1
W10-67,RB10M 0051,10M,400W,bent,TS5_1,RebarGroup,,2,10,255,254,254,,,,,,,,,,,749,,0.6,7f9c0634-9961-4285-ba83-f8b37fa608f6
W10-67,RS15M 0096,15M,400W,straight,STR,RebarGroup,,2,15,4749.4,4750,,,,,,,,,,,,4750,,7.5,c30adbee-4e2f-4df3-9a14-185ae33efaf6
W10-67,RS15M 0097,15M,400W,straight,STR,RebarGroup,,2,15,2562.7,2566,,,,,,,,,,,,2563,,4,8c1b104d-2b10-4c0b-9cfb-ce0cef022305
W10-67,RB10M 0052,10M,400W,stirrup,TS67_2,RebarGroup,,13,10,100,160,279,160,278,160,100,,,,,,,1089,,0.9,cdb11542-d768-45e3-9618-3d2bb09aceaf
W10-67,RS15M 0096,15M,400W,straight,STR,RebarGroup,,2,15,4749.4,4750,,,,,,,,,,,,4750,,7.5,f9e27c65-d5bb-4348-b7c0-0baf80b9105a
W10-67,RS15M 0097,15M,400W,straight,STR,RebarGroup,,2,15,2562.7,2566,,,,,,,,,,,,2563,,4,226e30c9-f5e6-4abd-ae15-cdbdfabc30b4
W10-67,RB10M 0050,10M,400W,stirrup,Unknown,RebarGroup,,12,10,93.1,653.5,147,1215.8,147,616.5,147,321.5,,,,,,4245,,3.3,1d48fcc4-ec69-46d3-acc7-11c6c483e9dc
W10-67,RS10M 0208,10M,400W,straight,STR,SingleRebar,,1,10,9266,9271,,,,,,,,,,,,9267,,7.3,b7597b37-6644-4583-980d-2068e3f3c740
W10-67,RS10M 0238,10M,400W,straight,STR,SingleRebar,,1,10,173,178,,,,,,,,,,,,174,,0.1,74e3fa0e-cead-4172-8855-2723434e3a29
W10-67,RS10M 0238,10M,400W,straight,STR,SingleRebar,,1,10,173,178,,,,,,,,,,,,174,,0.1,5cf3cf7a-f24b-4a5a-8442-fa23a08e0f57
W10-67,RB10M 0051,10M,400W,bent,TS5_1,RebarGroup,,2,10,255,254,254,,,,,,,,,,,749,,0.6,8e5c0723-98d7-4985-a3f4-e60daee1cb6d
W10-67,RB10M 0051,10M,400W,bent,TS5_1,RebarGroup,,2,10,255,254,254,,,,,,,,,,,749,,0.6,9e1b201b-e86e-4c60-b5f5-23ebfaaea062
W10-67,RS15M 0173,15M,400W,straight,STR,SingleRebar,,1,15,3199,3201,,,,,,,,,,,,3199,,5,49804cad-fc84-49c7-9f24-e2b73114cf4d
W10-67,RS15M 0173,15M,400W,straight,STR,SingleRebar,,1,15,3199,3201,,,,,,,,,,,,3199,,5,22e98edc-8d46-4b42-8277-354b94c81c43
W10-67,RB15M 0068,15M,400W,bent,Unknown,RebarGroup,,2,15,509.9,149,509.9,,,,,,,,,,,1136,,1.8,58c9471c-8fdd-49db-b6ca-a5bf28a83637
W10-67,RS10M 0239,10M,400W,straight,STR,SingleRebar,,1,10,8790.3,8789,,,,,,,,,,,,8791,,6.9,d04962c9-2065-4124-94e8-188af182f436
W10-67,RS10M 0239,10M,400W,straight,STR,SingleRebar,,1,10,8790.3,8789,,,,,,,,,,,,8791,,6.9,19b77609-3649-4bfd-8baf-555f569e56a6
W10-67,RS15M 0240,15M,400W,straight,STR,SingleRebar,,1,15,2362,2363,,,,,,,,,,,,2363,,3.7,9ee61fa1-ea04-47e4-8d8f-328bf196288c
W10-67,RS15M 0240,15M,400W,straight,STR,SingleRebar,,1,15,2362,2363,,,,,,,,,,,,2363,,3.7,99936b9d-fc77-45d0-8d64-95c17a81850a
W10-67,RS15M 0241,15M,400W,straight,STR,SingleRebar,,1,15,237,229,,,,,,,,,,,,237,,0.4,40928292-9ac6-4f0b-ba70-7d5e4be763b0
W10-67,RS15M 0059,15M,400W,straight,STR,RebarGroup,,14,15,2617.9,2617,,,,,,,,,,,,2618,,4.1,b993a8c4-5978-428b-9aac-0f66d4dd4c84
W10-67,RS15M 0058,15M,400W,straight,STR,RebarGroup,,14,15,2875,2871,,,,,,,,,,,,2875,,4.5,2ab6f1b1-0741-469c-bbdd-d4365cafb498
W10-67,RS10M 0208,10M,400W,straight,STR,RebarGroup,,2,10,9266,9271,,,,,,,,,,,,9267,,7.3,915e42cb-5bef-46ed-94e3-0cd27aa3daf2
W10-67,RS15M 0029,15M,400W,straight,STR,RebarGroup,,2,15,7887.2,7900,,,,,,,,,,,,7888,,12.4,cf9ee662-0d52-4f99-a59a-465ff9e78df2
W10-67,RS15M 0029,15M,400W,straight,STR,RebarGroup,,2,15,7887.2,7900,,,,,,,,,,,,7888,,12.4,5f3012b2-d0bd-4ddd-8ce9-6a610d9cc2ec
W10-67,RS10M 0251,10M,400W,straight,STR,RebarGroup,,6,10,2015.1,2007,,,,,,,,,,,,2016,,1.6,ab29700d-4239-4452-a87b-e2548050ff20
W10-67,RS10M 0251,10M,400W,straight,STR,RebarGroup,,6,10,2015.1,2007,,,,,,,,,,,,2016,,1.6,93b6f00d-7b60-4c8d-a0df-15fdc1e1c663
W10-67,RS15M 0095,15M,400W,straight,STR,SingleRebar,,1,15,9266,9271,,,,,,,,,,,,9267,,14.5,8af61098-8435-4ca2-8cf1-391bdcaaea13
W10-67,RS15M 0268,15M,400W,straight,STR,SingleRebar,,1,15,8790,8789,,,,,,,,,,,,8790,,13.8,403263fd-55cf-4894-b76f-93c16b1f47af
W10-67,RS15M 0095,15M,400W,straight,STR,SingleRebar,,1,15,9266,9271,,,,,,,,,,,,9267,,14.5,74a7742a-01c0-40e3-a834-4c5c8c69b008
W10-67,RS15M 0268,15M,400W,straight,STR,SingleRebar,,1,15,8790,8789,,,,,,,,,,,,8790,,13.8,c5a6a2f0-f8f9-4dd8-9fcc-3c58e9e68c37
W10-67,RS15M 0269,15M,400W,straight,STR,SingleRebar,,1,15,173.1,178,,,,,,,,,,,,174,,0.3,11563a43-ce8b-4919-87d9-9b4629c9da7d
W10-67,RS15M 0269,15M,400W,straight,STR,SingleRebar,,1,15,173.1,178,,,,,,,,,,,,174,,0.3,065e324b-7865-4e3e-9450-98e13ba501de
W10-67,RB10M 0135,10M,400W,stirrup,Unknown,RebarGroup,,22,10,754.6,181,503.8,181,37.5,80,,,,,,,,1692,,1.3,04d5337f-960f-4cf7-bf09-258cc37ca5f6
W10-67,RB10M 0049,10M,400W,stirrup,T1,RebarGroup,,12,10,99,189,194,189,194,181,99,80,,,,,,890,,0.7,ff9edbad-ac74-4292-8008-c2ddfcd84919
W10-67,RS10M 0180,10M,400W,straight,STR,RebarGroup,,6,10,2617.2,2617,,,,,,,,,,,,2618,,2.1,a9ea0168-f875-4c2f-9a2f-22ec92385a94
W10-67,RS10M 0195,10M,400W,straight,STR,RebarGroup,,6,10,2873.4,2871,,,,,,,,,,,,2874,,2.3,c731229e-c3e4-4d85-9aeb-a47471dcf13b
W10-67,RB25M 0139,25M,400W,bent,17,SingleRebar,,1,25,198,212,2085,212,,,,,,,,,,2377,,9.3,6e97505a-345f-4990-a891-3053750bd234
P6-19,RS10M 0030,10M,400W,straight,STR,RebarGroup,,1,10,600,610,,,,,,,,,,,,600,,0.5,72480a2b-52b1-40f8-9eb0-8e42acb4e213
P6-19,RS10M 0030,10M,400W,straight,STR,RebarGroup,,1,10,600,610,,,,,,,,,,,,600,,0.5,e8041c64-8f74-4c11-958e-e9391b52ec5a
P6-19,RB10M 0051,10M,400W,bent,TS5_1,RebarGroup,,1,10,255,254,254,,,,,,,,,,,749,,0.6,a179418b-e988-4d6f-934d-b93312ff3268
P6-19,RB10M 0051,10M,400W,bent,TS5_1,RebarGroup,,1,10,255,254,254,,,,,,,,,,,749,,0.6,54b5b80e-92db-48cf-a253-5364b028cb7b
P6-19,RB10M 0051,10M,400W,bent,TS5_1,RebarGroup,,1,10,255,254,254,,,,,,,,,,,749,,0.6,9d74b0e1-3b63-42c8-b059-1d748ca254c2
P6-19,RB10M 0051,10M,400W,bent,TS5_1,RebarGroup,,1,10,255,254,254,,,,,,,,,,,749,,0.6,06601e02-bb69-492a-9395-777692f4a36f
P6-19,RB10M 0094,10M,400W,bent,S11,SingleRebar,,1,10,503.5,1072,503.5,,,,,,,,,,103,1065,,0.8,e3477045-6a0f-4fc2-99bc-1d154b1c884d
P6-19,RB10M 0094,10M,400W,bent,S11,SingleRebar,,1,10,503.5,1072,503.5,,,,,,,,,,103,1065,,0.8,98f02c55-7ccc-4b81-b968-3fb61b62309d
P6-19,RB10M 0094,10M,400W,bent,S11,SingleRebar,,1,10,503.5,1072,503.5,,,,,,,,,,103,1065,,0.8,0947966d-aca0-45ef-8da8-5312c3a5c954
P6-19,RB10M 0094,10M,400W,bent,S11,SingleRebar,,1,10,503.5,1072,503.5,,,,,,,,,,103,1065,,0.8,01e0411f-7bd2-4409-a545-735f9867c196
P6-19,RB10M 0094,10M,400W,bent,S11,SingleRebar,,1,10,503.5,1072,503.5,,,,,,,,,,103,1065,,0.8,e851a4ca-fc50-47e3-a2ed-8c2b2b783d01
P6-19,RS10M 0030,10M,400W,straight,STR,RebarGroup,,1,10,600,610,,,,,,,,,,,,600,,0.5,edd208f6-8f90-4990-a9ea-b4833f5b8127
P6-19,RS10M 0030,10M,400W,straight,STR,RebarGroup,,1,10,600,610,,,,,,,,,,,,600,,0.5,9633813e-514f-4f9b-b75a-ca4c41686513
P6-19,MS 0016,W2.9/W2.9-152/152-3574/7868,A1064-GR.65,straight,,RebarMesh,,118,,3574.2,7869,3575,7869,3575,,,,,,,,,7868.2,28121240.3,45.6,550704a9-baa8-4207-86ae-2ee4b48f472f
P6-19,RB10M 0065,10M,400W,stirrup,14,RebarGroup,,2,10,200,147,615,140,200,,,,100,,,,821,1274,,1,beef185e-6f33-4976-9fa0-68126006a27c
P6-19,RB10M 0065,10M,400W,stirrup,14,RebarGroup,,2,10,200,147,615,140,200,,,,100,,,,821,1274,,1,f0a481cf-0211-4352-b77a-b8674702334d
P6-19,RS10M 0164,10M,400W,straight,STR,RebarGroup,,4,10,7819,7824,,,,,,,,,,,,7819,,6.1,61bff713-9be6-4806-9c9b-b37619abba64
P6-19,RS10M 0321,10M,400W,straight,STR,RebarGroup,,6,10,3525,3531,,,,,,,,,,,,3525,,2.8,14845107-fc8c-4175-b1ef-6332eaeb11ed
P6-19,P-900-420M 0001,20M,400W,straight,STR,SingleRebar,,1,20,689,686,,,,,,,,,,,,689,,1.6,96df2d29-8cec-4566-91e0-0ef75c8a90f9
P6-19,P-900-420M 0001,20M,400W,straight,STR,SingleRebar,,1,20,689,686,,,,,,,,,,,,689,,1.6,6f9ef78f-8d0c-4b5a-bc50-5f3e7dda789a
P6-19,P-900-420M 0001,20M,400W,straight,STR,SingleRebar,,1,20,689,686,,,,,,,,,,,,689,,1.6,39ad326a-67f2-4612-9a0f-ed4db3dcb80b
P6-19,P-900-420M 0001,20M,400W,straight,STR,SingleRebar,,1,20,689,686,,,,,,,,,,,,689,,1.6,68183da6-4b3f-45bb-a690-7d87e1dd1128
P6-19,P-743-415M 0001,15M,400W,straight,STR,SingleRebar,,1,15,500,508,,,,,,,,,,,,500,,0.8,463cbcf2-1e5f-414d-99cd-e67972d8c9ff
P6-19,P-743-415M 0001,15M,400W,straight,STR,SingleRebar,,1,15,500,508,,,,,,,,,,,,500,,0.8,bbea1a14-b79c-464d-a3ba-7a235ba15843
P6-19,P-743-510M 0001,10M,400W,straight,STR,SingleRebar,,1,10,406.4,407,,,,,,,,,,,,407,,0.3,69f6f02b-8910-4248-ac4e-faf3f769145f
W10-80,RB10M 0001,10M,400W,bent,S11,SingleRebar,,1,10,603.5,1272,603.5,,,,,,,,,,92,1253,,1,6967e229-cfcc-4d72-bfdd-734903c059df
W10-80,RS10M 0208,10M,400W,straight,STR,RebarGroup,,3,10,9266,9271,,,,,,,,,,,,9267,,7.3,44121ecc-e35b-4f0c-8b62-033f9d7edcf4
W10-80,RS10M 0208,10M,400W,straight,STR,RebarGroup,,3,10,9266,9271,,,,,,,,,,,,9267,,7.3,1f4b6393-85ce-4936-a94b-355d53a4f441
W10-80,RB10M 0169,10M,400W,stirrup,T1,RebarGroup,,28,10,99,178,549,178,549,535.8,99,80,,,,,,1577,,1.2,ffae8a0b-4264-453f-96a3-516bc60eea6e
P6-30,RS10M 0030,10M,400W,straight,STR,RebarGroup,,1,10,600,610,,,,,,,,,,,,600,,0.5,b9b0c99c-c857-4c92-b04d-fb21debdcdd3
P6-30,RS10M 0030,10M,400W,straight,STR,RebarGroup,,1,10,600,610,,,,,,,,,,,,600,,0.5,e37d60fb-45ae-445f-ba4c-c9d3899d07f1
P6-30,RB10M 0051,10M,400W,bent,TS5_1,RebarGroup,,1,10,255,254,254,,,,,,,,,,,749,,0.6,94249bd2-0ce5-4cfe-81a2-cc4fa84fa917
P6-30,RB10M 0051,10M,400W,bent,TS5_1,RebarGroup,,1,10,255,254,254,,,,,,,,,,,749,,0.6,bf3f1671-c29e-47d5-b4fe-73f838d8a232
P6-30,RB10M 0051,10M,400W,bent,TS5_1,RebarGroup,,1,10,255,254,254,,,,,,,,,,,749,,0.6,411b34fb-6c97-4691-84c6-7528fd4cc33e
P6-30,RB10M 0051,10M,400W,bent,TS5_1,RebarGroup,,1,10,255,254,254,,,,,,,,,,,749,,0.6,f88aeae0-fc5d-4311-a5f1-6550dd66bb5d
P6-30,RB10M 0094,10M,400W,bent,S11,SingleRebar,,1,10,503.5,1072,503.5,,,,,,,,,,103,1065,,0.8,ad501a36-3f9a-42c8-b3b0-f3dd740f2a0d
P6-30,RS10M 0030,10M,400W,straight,STR,RebarGroup,,1,10,600,610,,,,,,,,,,,,600,,0.5,0d9b93e0-cb87-40cf-a7da-0015481c0299
P6-30,RS10M 0030,10M,400W,straight,STR,RebarGroup,,1,10,600,610,,,,,,,,,,,,600,,0.5,12adae76-e042-4428-9f56-26ed020dc644
P6-30,MS 0012,W2.9/W2.9-152/152-2924/7868,A1064-GR.65,straight,,RebarMesh,,114,,2924.2,7869,2925,7869,2925,,,,,,,,,7868.2,22747804.6,36.1,62e74892-5c08-4079-93cf-ad6f5371c056
P6-30,RB10M 0168,10M,400W,stirrup,14,RebarGroup,,2,10,200,140,615,140,200,,,,100,,,,812,1267,,1,4f4d883a-4ed8-4c64-a03a-134d9c8495a6
P6-30,RB10M 0168,10M,400W,stirrup,14,RebarGroup,,2,10,200,140,615,140,200,,,,100,,,,812,1267,,1,c3c44db1-c673-4e62-b725-bea730bc35e8
P6-30,RB10M 0094,10M,400W,bent,S11,SingleRebar,,1,10,503.5,1072,503.5,,,,,,,,,,103,1065,,0.8,c6f8e97a-0068-4004-9c66-b33c30efe28d
P6-30,RB10M 0094,10M,400W,bent,S11,SingleRebar,,1,10,503.5,1072,503.5,,,,,,,,,,103,1065,,0.8,993bee2c-ecaf-439e-bb31-844f9c5ca74c
P6-30,RB10M 0094,10M,400W,bent,S11,SingleRebar,,1,10,503.5,1072,503.5,,,,,,,,,,103,1065,,0.8,e9fd3b10-971e-4e23-a109-2f167115cfa9
P6-30,RB10M 0094,10M,400W,bent,S11,SingleRebar,,1,10,503.5,1072,503.5,,,,,,,,,,103,1065,,0.8,9b93bd2f-ca59-4855-bf9f-32f65b5e85aa
P6-30,RS15M 0058,15M,400W,straight,STR,RebarGroup,,6,15,2875,2871,,,,,,,,,,,,2875,,4.5,13a364cd-0e5a-4773-b5c8-a975edb8eeca
P6-30,RS10M 0164,10M,400W,straight,STR,RebarGroup,,4,10,7819,7824,,,,,,,,,,,,7819,,6.1,c8e1aff1-43e0-4bc5-8329-6462c1b26a3a
P6-30,P-900-420M 0001,20M,400W,straight,STR,SingleRebar,,1,20,689,686,,,,,,,,,,,,689,,1.6,d4289ce7-16f0-4621-be33-c61fcb9e6653
P6-30,P-900-420M 0001,20M,400W,straight,STR,SingleRebar,,1,20,689,686,,,,,,,,,,,,689,,1.6,1f3f1fb4-6363-4d40-ad9f-5fb48aa76f13
P6-30,P-900-420M 0001,20M,400W,straight,STR,SingleRebar,,1,20,689,686,,,,,,,,,,,,689,,1.6,e332bd90-71dd-4f98-b0b5-dfeb7e9eb85f
P6-30,P-900-420M 0001,20M,400W,straight,STR,SingleRebar,,1,20,689,686,,,,,,,,,,,,689,,1.6,119ae936-4e73-4728-ae0a-5f4b02cb070a
P6-30,P-743-415M 0001,15M,400W,straight,STR,SingleRebar,,1,15,500,508,,,,,,,,,,,,500,,0.8,dbfd8955-77ea-4b9e-8e06-311b1825b23e
P6-30,P-743-415M 0001,15M,400W,straight,STR,SingleRebar,,1,15,500,508,,,,,,,,,,,,500,,0.8,2b86ee2f-26c3-4a5d-a3e3-f97764edebee
P6-30,P-743-510M 0001,10M,400W,straight,STR,SingleRebar,,1,10,406.4,407,,,,,,,,,,,,407,,0.3,ac5a0703-9ffb-4e2a-94e6-e50528d86f9e
P6-5,MS 0005,W2.9/W2.9-152/152-3424/7868,A1064-GR.65,straight,,RebarMesh,,121,,3424.2,7869,3425,7869,3425,,,,,,,,,7868.2,26681011.6,42.2,0d1996c2-c62a-4967-a2ca-2e16f8b47b4d
P6-5,RS10M 0030,10M,400W,straight,STR,RebarGroup,,1,10,600,610,,,,,,,,,,,,600,,0.5,1be513cb-f5dd-484a-a362-46613d97a90c
P6-5,RS10M 0030,10M,400W,straight,STR,RebarGroup,,1,10,600,610,,,,,,,,,,,,600,,0.5,053c310f-85e0-4ce4-bb8d-846b8ec40699
P6-5,RB10M 0051,10M,400W,bent,TS5_1,RebarGroup,,1,10,255,254,254,,,,,,,,,,,749,,0.6,c73f0b28-3594-434c-9326-78ef62a90c76
P6-5,RB10M 0051,10M,400W,bent,TS5_1,RebarGroup,,1,10,255,254,254,,,,,,,,,,,749,,0.6,e549e841-349e-4f46-be3e-dc428dd51528
P6-5,RB10M 0051,10M,400W,bent,TS5_1,RebarGroup,,1,10,255,254,254,,,,,,,,,,,749,,0.6,e85999dd-e06e-474c-80fb-83a11aa22370
P6-5,RB10M 0051,10M,400W,bent,TS5_1,RebarGroup,,1,10,255,254,254,,,,,,,,,,,749,,0.6,caa10aac-de60-44b5-91a3-3446c8c3cb47
P6-5,RS10M 0030,10M,400W,straight,STR,RebarGroup,,1,10,600,610,,,,,,,,,,,,600,,0.5,2484ae9e-3a4f-4fb8-a4ee-f9e795b5aea6
P6-5,RS10M 0030,10M,400W,straight,STR,RebarGroup,,1,10,600,610,,,,,,,,,,,,600,,0.5,a58719f8-c77f-4d6b-bf72-e1c050aaee29
P6-5,RS15M 0019,15M,400W,straight,STR,RebarGroup,,6,15,3375,3379,,,,,,,,,,,,3375,,5.3,900329a9-f143-41b9-a114-89bbe044fb3c
P6-5,RS10M 0164,10M,400W,straight,STR,RebarGroup,,4,10,7819,7824,,,,,,,,,,,,7819,,6.1,61dc4170-a3f0-43dd-a26c-dc3488f822ac
P6-5,RB10M 0065,10M,400W,stirrup,14,RebarGroup,,2,10,200,147,615,140,200,,,,100,,,,821,1274,,1,8d9d93e4-1dae-4341-863d-adfb27f55967
P6-5,RB10M 0065,10M,400W,stirrup,14,RebarGroup,,2,10,200,147,615,140,200,,,,100,,,,821,1274,,1,5e04f7c6-7f73-4c27-a59d-f45034e282bf
P6-21,RS10M 0030,10M,400W,straight,STR,RebarGroup,,1,10,600,610,,,,,,,,,,,,600,,0.5,dc2c0e50-6182-4305-809b-7bce20298738
P6-21,RS10M 0030,10M,400W,straight,STR,RebarGroup,,1,10,600,610,,,,,,,,,,,,600,,0.5,a2c2df87-dfb9-45da-a5a2-1ef1288135f9
P6-21,RB10M 0051,10M,400W,bent,TS5_1,RebarGroup,,1,10,255,254,254,,,,,,,,,,,749,,0.6,5a0c8085-0157-498b-91bc-edf250cd73bc
P6-21,RB10M 0051,10M,400W,bent,TS5_1,RebarGroup,,1,10,255,254,254,,,,,,,,,,,749,,0.6,eaa0a759-50c3-43d9-bb29-57d9fbd24c00
P6-21,RB10M 0051,10M,400W,bent,TS5_1,RebarGroup,,1,10,255,254,254,,,,,,,,,,,749,,0.6,ee1acb5c-bf99-4804-88c2-76052d00df0f
P6-21,RB10M 0051,10M,400W,bent,TS5_1,RebarGroup,,1,10,255,254,254,,,,,,,,,,,749,,0.6,ee5a082d-8091-42ce-9b70-5b3def0624fb
P6-21,RB10M 0094,10M,400W,bent,S11,SingleRebar,,1,10,503.5,1072,503.5,,,,,,,,,,103,1065,,0.8,76358ea1-4c99-4432-bfda-af2b3d572f7c
P6-21,RB10M 0094,10M,400W,bent,S11,SingleRebar,,1,10,503.5,1072,503.5,,,,,,,,,,103,1065,,0.8,98e7ecc0-64dc-4888-94a8-138c6ea156ca
P6-21,RB10M 0094,10M,400W,bent,S11,SingleRebar,,1,10,503.5,1072,503.5,,,,,,,,,,103,1065,,0.8,67b058dd-1ecc-49df-991b-f8e991b3a25d
P6-21,RB10M 0094,10M,400W,bent,S11,SingleRebar,,1,10,503.5,1072,503.5,,,,,,,,,,103,1065,,0.8,2c55ce9c-02c4-4003-9b78-7aecb427e7fe
P6-21,RB10M 0094,10M,400W,bent,S11,SingleRebar,,1,10,503.5,1072,503.5,,,,,,,,,,103,1065,,0.8,acfd3725-ce22-4a51-9774-d7169f6f0372
P6-21,RS10M 0030,10M,400W,straight,STR,RebarGroup,,1,10,600,610,,,,,,,,,,,,600,,0.5,684d4ea0-77a6-4460-b80f-ae1d692e76d4
P6-21,RS10M 0030,10M,400W,straight,STR,RebarGroup,,1,10,600,610,,,,,,,,,,,,600,,0.5,df712c80-1866-4b10-8258-b812c7b89d1b
P6-21,MS 0010,W2.9/W2.9-152/152-2924/7868,A1064-GR.65,straight,,RebarMesh,,114,,2924.2,7869,2925,7869,2925,,,,,,,,,7868.2,22900390.5,36.1,3c60c851-c5cb-4e04-99e6-5790ea483623
P6-21,RB10M 0119,10M,400W,stirrup,14,RebarGroup,,2,10,200,147,606,140,200,,,,100,,,,812,1264,,1,eecbc17f-052e-429e-a222-68ffa026d22d
P6-21,RB10M 0119,10M,400W,stirrup,14,RebarGroup,,2,10,200,147,606,140,200,,,,100,,,,812,1264,,1,380a5139-3323-4557-a805-912107bf39f7
P6-21,RS15M 0058,15M,400W,straight,STR,RebarGroup,,6,15,2875,2871,,,,,,,,,,,,2876,,4.5,2df26534-612b-407c-a3df-3fd1835e3503
P6-21,RS10M 0164,10M,400W,straight,STR,RebarGroup,,4,10,7819,7824,,,,,,,,,,,,7819,,6.1,2857b636-6942-4032-8e0a-dcfc7e6f089e
P6-21,P-900-420M 0001,20M,400W,straight,STR,SingleRebar,,1,20,689,686,,,,,,,,,,,,689,,1.6,227ee087-2b0a-4a8a-8e89-43c6b7d065dd
P6-21,P-900-420M 0001,20M,400W,straight,STR,SingleRebar,,1,20,689,686,,,,,,,,,,,,689,,1.6,0353334e-de15-410b-8f77-96a5b28d8d22
P6-21,P-900-420M 0001,20M,400W,straight,STR,SingleRebar,,1,20,689,686,,,,,,,,,,,,689,,1.6,78ea48f8-b8ca-401e-86fb-7b39bdf2262d
P6-21,P-900-420M 0001,20M,400W,straight,STR,SingleRebar,,1,20,689,686,,,,,,,,,,,,689,,1.6,bf13ba98-6cb6-4a8b-8a12-f7602fe30c91
P6-21,P-742-415M 0001,15M,400W,straight,STR,SingleRebar,,1,15,500,508,,,,,,,,,,,,500,,0.8,662db62b-c0f4-4638-95b8-a35eccc44b03
P6-21,P-742-415M 0001,15M,400W,straight,STR,SingleRebar,,1,15,500,508,,,,,,,,,,,,500,,0.8,51345114-eadb-4ea4-be41-ec0b024f476d
P6-21,P-742-510M 0001,10M,400W,straight,STR,SingleRebar,,1,10,406.4,407,,,,,,,,,,,,407,,0.3,236a5e78-3f52-4fb8-b317-cd23aa3779b9
W10-124,RB10M 0135,10M,400W,stirrup,Unknown,RebarGroup,,10,10,754.6,181,503.8,181,37.5,80,,,,,,,,1692,,1.3,253a15a8-da6a-475e-a10f-d3d4326b599c
W10-124,RS10M 0030,10M,400W,straight,STR,RebarGroup,,2,10,600,610,,,,,,,,,,,,600,,0.5,8bc1ef8b-691a-4aac-b462-87764ed7b26f
W10-124,RS10M 0030,10M,400W,straight,STR,RebarGroup,,2,10,600,610,,,,,,,,,,,,600,,0.5,df06e73d-fc0b-451e-bfce-ee9c42e0ec75
W10-124,RB10M 0135,10M,400W,stirrup,Unknown,RebarGroup,,6,10,754.6,181,503.8,181,37.5,80,,,,,,,,1692,,1.3,62e93c3d-a950-40c9-ad5f-9c40ae587586
W10-124,RS10M 0139,10M,400W,straight,STR,RebarGroup,,1,10,6413.9,6427,,,,,,,,,,,,6414,,5,dc84e546-341a-4ebb-9bd2-31d79fe98c17
W10-124,RS10M 0030,10M,400W,straight,STR,RebarGroup,,2,10,600,610,,,,,,,,,,,,600,,0.5,b3b5f1b5-24bb-4a26-a623-5274143012b7
W10-124,RS10M 0030,10M,400W,straight,STR,RebarGroup,,2,10,600,610,,,,,,,,,,,,600,,0.5,60144bf1-8eae-4fa4-bf6d-ace682e027e7
W10-124,RB10M 0128,10M,400W,stirrup,TS73_1,RebarGroup,,12,10,100,155,288,515,155,100,141,93.1,,,,,,1808,,1.4,7cc29275-9b82-4713-aa4d-3c4a3a7a0668
W10-124,RB10M 0129,10M,400W,stirrup,Unknown,RebarGroup,,11,10,93.1,631.9,141,1292.7,141,718.9,141,383.9,,,,,,4472,,3.5,e3a5b099-93fe-4b23-a98e-d86b44c3cef9
W10-124,RS15M 0244,15M,400W,straight,STR,SingleRebar,,1,15,1883.2,1880,,,,,,,,,,,,1884,,3,7b748538-0407-43e1-87d7-93cf87c4610e
W10-124,RS15M 0246,15M,400W,straight,STR,RebarGroup,,2,15,3201.9,3201,,,,,,,,,,,,3202,,5,80e7fbd9-8446-411d-a1dc-fa33edb91ca4
W10-124,RS15M 0246,15M,400W,straight,STR,RebarGroup,,2,15,3201.9,3201,,,,,,,,,,,,3202,,5,f08f88b2-4897-41b5-bdf1-780ae4fde356
W10-124,RB10M 0130,10M,400W,stirrup,T1,RebarGroup,,6,10,99,194,224,194,224,210.8,99,80,,,,,,960,,0.8,9c661597-58fa-43d8-98f4-554fbffe5faa
W10-124,RS10M 0235,10M,400W,straight,STR,RebarGroup,,1,10,2190.9,2185,,,,,,,,,,,,2191,,1.7,101eeee0-8a8a-4bdb-95ca-3f73ed4a7f8b
W10-124,RS10M 0235,10M,400W,straight,STR,RebarGroup,,1,10,2190.9,2185,,,,,,,,,,,,2191,,1.7,85f2bdb5-12a7-4e50-a5a4-8b110edc8ee8
W10-124,RB10M 0051,10M,400W,bent,TS5_1,RebarGroup,,2,10,255,254,254,,,,,,,,,,,749,,0.6,ffec6d5d-d826-4278-8fc4-8ed02aef1449
W10-124,RB10M 0051,10M,400W,bent,TS5_1,RebarGroup,,2,10,255,254,254,,,,,,,,,,,749,,0.6,9daa68c9-ec85-42bd-bca6-c04c3213d6ee
W10-124,RS10M 0248,10M,400W,straight,STR,RebarGroup,,1,10,4304.1,4293,,,,,,,,,,,,4305,,3.4,73f027cc-515d-4e5a-bc00-a7629b5cb063
W10-124,RS10M 0248,10M,400W,straight,STR,RebarGroup,,1,10,4304.1,4293,,,,,,,,,,,,4305,,3.4,a42003e2-a2fe-4627-82ee-9f5bf1820f31
W10-124,RS15M 0244,15M,400W,straight,STR,SingleRebar,,1,15,1883.2,1880,,,,,,,,,,,,1884,,3,09a4b509-9958-4a09-82a7-b2453fddca71
W10-124,RS10M 0139,10M,400W,straight,STR,RebarGroup,,2,10,6413.9,6427,,,,,,,,,,,,6414,,5,c228987a-4f8c-4b80-b282-d8731adb9865
W10-124,RB10M 0061,10M,400W,stirrup,14,RebarGroup,,2,10,200,147,209,140,200,,,,100,,,,415,867,,0.7,893a6ec8-44dd-4c89-a2dd-70b7a9dc94c2
W10-124,RB10M 0061,10M,400W,stirrup,14,RebarGroup,,2,10,200,147,209,140,200,,,,100,,,,415,867,,0.7,99c7b841-88a2-4cb7-add1-45fc7a70ac53
W10-124,RB10M 0134,10M,400W,stirrup,14,RebarGroup,,2,10,200,147,487,140,200,,,,100,,,,692,1145,,0.9,189e6015-587e-465c-aebf-7b0a4e26a8ad
W10-124,RB10M 0134,10M,400W,stirrup,14,RebarGroup,,2,10,200,147,487,140,200,,,,100,,,,692,1145,,0.9,05791106-cc40-44d9-978b-c11ac01fa6cc
W10-124,RS10M 0162,10M,400W,straight,STR,RebarGroup,,1,10,348,356,,,,,,,,,,,,348,,0.3,27fb252c-7604-449a-b247-ddfdba790c2c
W10-124,RS10M 0162,10M,400W,straight,STR,RebarGroup,,1,10,348,356,,,,,,,,,,,,348,,0.3,3f54503e-6b22-48c5-92d5-fd04cffff987
W10-124,RS10M 0250,10M,400W,straight,STR,RebarGroup,,1,10,345,356,,,,,,,,,,,,345,,0.3,41e909a1-d534-4049-857e-8515bc0f8a36
W10-124,RS10M 0250,10M,400W,straight,STR,RebarGroup,,1,10,345,356,,,,,,,,,,,,345,,0.3,ba020464-a112-4f60-8e5d-7a3bee1026bd
W10-124,RS15M 0125,15M,400W,straight,STR,SingleRebar,,1,15,6413.8,6427,,,,,,,,,,,,6414,,10.1,b7019e42-8f69-40c8-82a6-e4e603df1ca9
W10-124,RS15M 0125,15M,400W,straight,STR,SingleRebar,,1,15,6413.8,6427,,,,,,,,,,,,6414,,10.1,9aea7be3-e8f3-43ed-9c64-ed6b900651ef
W10-124,RS15M 0271,15M,400W,straight,STR,SingleRebar,,1,15,347,356,,,,,,,,,,,,347,,0.5,c2417ef9-27a3-4911-b89e-5c97e9c33815
W10-124,RS15M 0271,15M,400W,straight,STR,SingleRebar,,1,15,347,356,,,,,,,,,,,,347,,0.5,43e63c48-dc23-4926-920a-91685b24f791
W10-124,RS15M 0273,15M,400W,straight,STR,SingleRebar,,1,15,4720.7,4725,,,,,,,,,,,,4721,,7.4,6f85d6ef-25f5-48c5-bd7b-ffa74de117c0
W10-124,RS15M 0273,15M,400W,straight,STR,SingleRebar,,1,15,4720.7,4725,,,,,,,,,,,,4721,,7.4,0b46d041-c8b7-407a-aaf7-c88d2a110207
W10-124,RS10M 0101,10M,400W,straight,STR,SingleRebar,,1,10,2365.6,2363,,,,,,,,,,,,2366,,1.9,5de56745-1658-48db-b498-2a66231499a9
W10-124,RS10M 0101,10M,400W,straight,STR,SingleRebar,,1,10,2367.2,2363,,,,,,,,,,,,2368,,1.9,d63665ea-5fce-4a54-ad9b-2aedc4350865
W10-124,RS10M 0100,10M,400W,straight,STR,SingleRebar,,1,10,228.4,229,,,,,,,,,,,,229,,0.2,b20126f4-cc43-4cca-8ad8-972f16107055
W10-124,RB10M 0131,10M,400W,stirrup,TS67_2,RebarGroup,,7,10,160,155,1676,155,1676,155,160,,,,,,,3962,,3.1,7dc91c38-7fd4-437d-86e9-310a2585ead9
W10-124,RS10M 0180,10M,400W,straight,STR,RebarGroup,,2,10,2618,2617,,,,,,,,,,,,2618,,2.1,ad93124a-90ec-4fbe-9e9a-cbaa8b662b5d
W10-124,RS10M 0195,10M,400W,straight,STR,RebarGroup,,2,10,2873.4,2871,,,,,,,,,,,,2874,,2.3,c823db0f-d15b-4fe2-a446-36cb55e8a469
W10-124,RS10M 0245,10M,400W,straight,STR,RebarGroup,,3,10,650.9,661,,,,,,,,,,,,651,,0.5,14d546b9-204b-486e-8095-a452dcd4a3c2
W10-124,RS10M 0245,10M,400W,straight,STR,RebarGroup,,3,10,650.9,661,,,,,,,,,,,,651,,0.5,1caf1051-27d6-4626-9818-bf6e286e9d45
W10-124,RB10M 0155,10M,400W,stirrup,TS67_2,RebarGroup,,2,10,160,155,375,155,375,155,160,,,,,,,1360,,1.1,9ae2c547-ff28-438c-adf8-ee2317d53ebe
W10-124,RS10M 0249,10M,400W,straight,STR,RebarGroup,,1,10,233.9,229,,,,,,,,,,,,234,,0.2,59f0b051-f296-4212-929b-a884bdd4958c
W10-124,RS10M 0249,10M,400W,straight,STR,RebarGroup,,1,10,233.9,229,,,,,,,,,,,,234,,0.2,a7848eaf-0837-4642-8ed4-77b0759609c9
W10-124,RS15M 0275,15M,400W,straight,STR,SingleRebar,,1,15,344.9,356,,,,,,,,,,,,345,,0.5,3b3a1abc-328e-4017-9ee6-f935d9ca8846
W10-124,RS15M 0275,15M,400W,straight,STR,SingleRebar,,1,15,344.9,356,,,,,,,,,,,,345,,0.5,f433cafb-db44-40cf-829e-6ed85a10a4cd
W10-124,RS15M 0270,15M,400W,straight,STR,RebarGroup,,3,15,233.9,229,,,,,,,,,,,,234,,0.4,a3ba617d-b208-4bc6-b7c5-4d6e8af26bdd
W10-124,RS15M 0270,15M,400W,straight,STR,RebarGroup,,3,15,233.9,229,,,,,,,,,,,,234,,0.4,0992da74-8110-46e8-95fc-05834b3ca613
W10-124,RS15M 0185,15M,400W,straight,STR,SingleRebar,,1,15,2367.1,2363,,,,,,,,,,,,2368,,3.7,eb8f9c83-7e2c-417d-a3a4-c5b3f01882a0
W10-124,RS15M 0185,15M,400W,straight,STR,SingleRebar,,1,15,2367.1,2363,,,,,,,,,,,,2368,,3.7,90333951-8955-4b7b-b071-8f8b65611f5e
W10-124,RS15M 0058,15M,400W,straight,STR,RebarGroup,,2,15,2875,2871,,,,,,,,,,,,2875,,4.5,5e15436f-8c68-4a2c-827b-b95059706410
W10-124,RS15M 0058,15M,400W,straight,STR,RebarGroup,,11,15,2875,2871,,,,,,,,,,,,2875,,4.5,8e2762c0-e193-45fd-86d6-17f94f4ad9db
W10-124,RS15M 0059,15M,400W,straight,STR,RebarGroup,,9,15,2618,2617,,,,,,,,,,,,2618,,4.1,0316b586-3c80-462b-8f83-33a2cd2add11
W10-124,RS15M 0190,15M,400W,straight,STR,SingleRebar,,1,15,229.9,229,,,,,,,,,,,,230,,0.4,d045fa0f-e07d-40af-a690-8a17cddf281c
W10-124,RB10M 0156,10M,400W,stirrup,14,RebarGroup,,2,10,200,147,179,140,200,,,,100,,,,384,837,,0.7,60d85af0-882e-4892-9c66-0754448e51f5
W10-124,RB10M 0156,10M,400W,stirrup,14,RebarGroup,,2,10,200,147,179,140,200,,,,100,,,,384,837,,0.7,d1b1b4da-c420-4d08-a9c9-f62413d36eda
W10-124,RB10M 0153,10M,400W,stirrup,TS67_2,RebarGroup,,2,10,160,155,409,155,409,155,160,,,,,,,1428,,1.1,524382d3-9933-4e5c-a676-221ebbc0c7c0
W10-124,RS10M 0272,10M,400W,straight,STR,SingleRebar,,1,10,1702.8,1702,,,,,,,,,,,,1703,,1.3,7c53a020-85fa-4718-a345-37001655d921
W10-124,RS10M 0272,10M,400W,straight,STR,SingleRebar,,1,10,1702.8,1702,,,,,,,,,,,,1703,,1.3,a7f9c30a-3399-4013-b733-20136e6c5b8b
W10-124,RS10M 0279,10M,400W,straight,STR,SingleRebar,,1,10,803,813,,,,,,,,,,,,803,,0.6,1eee3d50-4f1c-4645-872b-65f4b7619ff9
W10-124,RS10M 0279,10M,400W,straight,STR,SingleRebar,,1,10,803,813,,,,,,,,,,,,803,,0.6,66ffff08-e8aa-487d-8dc4-c42b64ab1ed9
W10-124,RS15M 0280,15M,400W,straight,STR,RebarGroup,,2,15,4310.1,4318,,,,,,,,,,,,4311,,6.8,0a5bd2ca-dba5-4af5-b3d7-894ed4e5254f
W10-124,RS15M 0280,15M,400W,straight,STR,RebarGroup,,2,15,4310.1,4318,,,,,,,,,,,,4311,,6.8,31eeca0a-47c2-4b5d-bb7c-fe1e74c15362
W10-124,RB25M 0139,25M,400W,bent,17,SingleRebar,,1,25,198,212,2085,212,,,,,,,,,,2377,,9.3,74f30482-d2e9-458e-9db6-b7d96edeb041
W10-50,RB10M 0125,10M,400W,stirrup,14,RebarGroup,,2,10,200,140,209,139,200,,,,100,,,,404,860,,0.7,ef983be4-13aa-4fee-83f5-f2b5b0f80576
W10-50,RB10M 0125,10M,400W,stirrup,14,RebarGroup,,2,10,200,140,209,139,200,,,,100,,,,404,860,,0.7,06fe177a-8c17-497e-b4ca-f0da4a25429e
W10-50,RB10M 0040,10M,400W,stirrup,T1,RebarGroup,,10,10,102,161,1676,161,1676,1662.8,102,74.1,,,,,,3790,,3,f82f6aed-ceb5-49a9-af7b-90972bf8e700
W10-50,RB10M 0046,10M,400W,bent,17,RebarGroup,,9,10,323.5,330,161,330,,,,,,,,,,763,,0.6,44d1d4ab-9200-43a4-9868-7e64dd3db2a8
W10-50,RB10M 0046,10M,400W,bent,17,RebarGroup,,10,10,323.5,330,161,330,,,,,,,,,,763,,0.6,d8f12a59-07b0-4f43-b945-b70e17046bc3
W10-50,RS10M 0030,10M,400W,straight,STR,RebarGroup,,2,10,600,610,,,,,,,,,,,,600,,0.5,cb4c61fb-28bc-477f-8d74-982f287b9dcc
W10-50,RS10M 0030,10M,400W,straight,STR,RebarGroup,,2,10,600,610,,,,,,,,,,,,600,,0.5,3246819b-e2cd-4877-9cc8-f2194a851ced
W10-50,RS10M 0030,10M,400W,straight,STR,RebarGroup,,2,10,600,610,,,,,,,,,,,,600,,0.5,c35a3f26-6909-41bb-a1e4-bdf83f597123
W10-50,RS10M 0030,10M,400W,straight,STR,RebarGroup,,2,10,600,610,,,,,,,,,,,,600,,0.5,666271cb-0a4b-4f2a-a00b-36863707a5fe
W10-50,RS10M 0030,10M,400W,straight,STR,RebarGroup,,2,10,600,610,,,,,,,,,,,,600,,0.5,00bf664e-b0d0-4b7a-bd9c-dccb362496cc
W10-50,RS10M 0030,10M,400W,straight,STR,RebarGroup,,2,10,600,610,,,,,,,,,,,,600,,0.5,7e3aea0c-bda0-4db7-b712-d4c5294b6d28
W10-50,RB10M 0051,10M,400W,bent,TS5_1,RebarGroup,,2,10,255,254,254,,,,,,,,,,,749,,0.6,3a91585c-ee08-4cea-819c-b7b07c90d607
W10-50,RB10M 0051,10M,400W,bent,TS5_1,RebarGroup,,2,10,255,254,254,,,,,,,,,,,749,,0.6,d9b14f0c-c004-42bf-8759-b84e35e47af1
W10-50,RS15M 0096,15M,400W,straight,STR,RebarGroup,,2,15,4749.4,4750,,,,,,,,,,,,4750,,7.5,64dd1cff-953e-433d-98af-c8c3ceb0aca4
W10-50,RS15M 0097,15M,400W,straight,STR,RebarGroup,,2,15,2562.7,2566,,,,,,,,,,,,2563,,4,8e4c9125-f644-413b-b624-52f2875aefbd
W10-50,RB10M 0052,10M,400W,stirrup,TS67_2,RebarGroup,,13,10,100,160,279,160,278,160,100,,,,,,,1089,,0.9,9b12d52c-06cb-4bbb-90a9-c0f849827497
W10-50,RS15M 0096,15M,400W,straight,STR,RebarGroup,,2,15,4749.4,4750,,,,,,,,,,,,4750,,7.5,218e1b2f-27af-48c3-be8d-7d983e2311ff
W10-50,RS15M 0097,15M,400W,straight,STR,RebarGroup,,2,15,2562.7,2566,,,,,,,,,,,,2563,,4,1b2659bf-0770-4e90-ae35-fec816b0d793
W10-50,RB10M 0050,10M,400W,stirrup,Unknown,RebarGroup,,12,10,93.1,653.5,147,1215.8,147,616.5,147,321.5,,,,,,4245,,3.3,bcf57388-e311-4c8e-8716-655fe8b045bd
W10-50,RS10M 0208,10M,400W,straight,STR,SingleRebar,,1,10,9266,9271,,,,,,,,,,,,9267,,7.3,af5b0c5a-d314-4fa2-bc69-375b7d17a7aa
W10-50,RS10M 0238,10M,400W,straight,STR,SingleRebar,,1,10,173,178,,,,,,,,,,,,174,,0.1,df0abf9f-8783-4310-afff-7269a5ee2d1e
W10-50,RS10M 0238,10M,400W,straight,STR,SingleRebar,,1,10,173,178,,,,,,,,,,,,174,,0.1,30dead45-f8f3-4974-b401-4b8a5d262518
W10-50,RB10M 0051,10M,400W,bent,TS5_1,RebarGroup,,2,10,255,254,254,,,,,,,,,,,749,,0.6,c049e08c-e281-4b07-85e4-c6e2767c7a59
W10-50,RB10M 0051,10M,400W,bent,TS5_1,RebarGroup,,2,10,255,254,254,,,,,,,,,,,749,,0.6,09cacd7c-c6c3-42a2-b66f-b298be6fdd45
W10-50,RS15M 0173,15M,400W,straight,STR,SingleRebar,,1,15,3199,3201,,,,,,,,,,,,3199,,5,2840e2ae-3df3-42c6-be57-ceeabc2c575e
W10-50,RS15M 0173,15M,400W,straight,STR,SingleRebar,,1,15,3199,3201,,,,,,,,,,,,3199,,5,b51f386c-313c-44a9-be09-92454e52f4c4
W10-50,RB15M 0068,15M,400W,bent,Unknown,RebarGroup,,2,15,509.9,149,509.9,,,,,,,,,,,1136,,1.8,d58e2eed-0efc-4bbd-8b33-a1e7ae67a84b
W10-50,RS10M 0239,10M,400W,straight,STR,SingleRebar,,1,10,8790.3,8789,,,,,,,,,,,,8791,,6.9,00d4a0e0-d293-4fae-b27a-fa5e360f59ad
W10-50,RS10M 0239,10M,400W,straight,STR,SingleRebar,,1,10,8790.3,8789,,,,,,,,,,,,8791,,6.9,e45c4041-96a9-4c2f-8639-a1bb80198fc7
W10-50,RS15M 0240,15M,400W,straight,STR,SingleRebar,,1,15,2362,2363,,,,,,,,,,,,2363,,3.7,65094afc-2271-4204-b894-ec36561b6961
W10-50,RS15M 0240,15M,400W,straight,STR,SingleRebar,,1,15,2362,2363,,,,,,,,,,,,2363,,3.7,00a84b34-235d-4d92-a7be-72da211565d3
W10-50,RS15M 0241,15M,400W,straight,STR,SingleRebar,,1,15,237,229,,,,,,,,,,,,237,,0.4,0a6a4684-5a6a-4f27-9b68-6f3712736449
W10-50,RS15M 0059,15M,400W,straight,STR,RebarGroup,,14,15,2617.9,2617,,,,,,,,,,,,2618,,4.1,ab153ecd-a2ab-4e57-a0bf-8b3fef137da6
W10-50,RS15M 0058,15M,400W,straight,STR,RebarGroup,,14,15,2875,2871,,,,,,,,,,,,2875,,4.5,8e60c215-1eaf-4e30-af05-c3d98cc2e6e7
W10-50,RS10M 0208,10M,400W,straight,STR,RebarGroup,,2,10,9266,9271,,,,,,,,,,,,9267,,7.3,d214b1fc-2603-4941-94dc-c0d86ea45996
W10-50,RS15M 0029,15M,400W,straight,STR,RebarGroup,,2,15,7887.2,7900,,,,,,,,,,,,7888,,12.4,c3b5e5e7-fdf8-4a3b-8bec-d0e2e4bb7707
W10-50,RS15M 0029,15M,400W,straight,STR,RebarGroup,,2,15,7887.2,7900,,,,,,,,,,,,7888,,12.4,dd62da24-80c4-47f6-a870-cec2f84b4cba
W10-50,RS10M 0251,10M,400W,straight,STR,RebarGroup,,6,10,2015.1,2007,,,,,,,,,,,,2016,,1.6,2bff747c-dc61-40ff-b0e5-7e38bb43edc4
W10-50,RS10M 0251,10M,400W,straight,STR,RebarGroup,,6,10,2015.1,2007,,,,,,,,,,,,2016,,1.6,f12404ce-8173-4d1b-94a0-fe0406b04e8e
W10-50,RS15M 0095,15M,400W,straight,STR,SingleRebar,,1,15,9266,9271,,,,,,,,,,,,9267,,14.5,a9754a96-03e1-4d5b-8cff-ffe8bd17306a
W10-50,RS15M 0268,15M,400W,straight,STR,SingleRebar,,1,15,8790,8789,,,,,,,,,,,,8790,,13.8,4f343447-a7d0-4b21-bb00-168f8904bfba
W10-50,RS15M 0095,15M,400W,straight,STR,SingleRebar,,1,15,9266,9271,,,,,,,,,,,,9267,,14.5,927e32ff-038b-42b7-820b-b5640a9f8fb2
W10-50,RS15M 0268,15M,400W,straight,STR,SingleRebar,,1,15,8790,8789,,,,,,,,,,,,8790,,13.8,e65c6c9b-aeef-45c5-87b9-ceb9b4f80c2d
W10-50,RS15M 0269,15M,400W,straight,STR,SingleRebar,,1,15,173.1,178,,,,,,,,,,,,174,,0.3,65b6bc25-f531-48cd-bb04-b31b037d8983
W10-50,RS15M 0269,15M,400W,straight,STR,SingleRebar,,1,15,173.1,178,,,,,,,,,,,,174,,0.3,28de2c74-a3a3-4ed5-8c37-48cac7211e20
W10-50,RB10M 0135,10M,400W,stirrup,Unknown,RebarGroup,,22,10,754.6,181,503.8,181,37.5,80,,,,,,,,1692,,1.3,93b6d81a-3ae5-47bf-88f7-9e6904250e89
W10-50,RB10M 0049,10M,400W,stirrup,T1,RebarGroup,,12,10,99,189,194,189,194,181,99,80,,,,,,890,,0.7,e84e926d-bbdc-49b1-852d-f80e411b7637
W10-50,RS10M 0180,10M,400W,straight,STR,RebarGroup,,6,10,2617.2,2617,,,,,,,,,,,,2618,,2.1,246b7046-9458-4830-9401-71844c2a3d95
W10-50,RS10M 0195,10M,400W,straight,STR,RebarGroup,,6,10,2873.4,2871,,,,,,,,,,,,2874,,2.3,c81ebfbe-3d26-4d52-9ac6-5e07d88f3b88
W10-50,RB25M 0139,25M,400W,bent,17,SingleRebar,,1,25,198,212,2085,212,,,,,,,,,,2377,,9.3,34e5be79-73b0-4e0b-ad09-f1f98a1dcc30
W10-50,RB10M 0125,10M,400W,stirrup,14,RebarGroup,,2,10,200,140,209,139,200,,,,100,,,,404,860,,0.7,ef983be4-13aa-4fee-83f5-f2b5b0f80576
W10-50,RB10M 0125,10M,400W,stirrup,14,RebarGroup,,2,10,200,140,209,139,200,,,,100,,,,404,860,,0.7,06fe177a-8c17-497e-b4ca-f0da4a25429e
W10-50,RB10M 0040,10M,400W,stirrup,T1,RebarGroup,,10,10,102,161,1676,161,1676,1662.8,102,74.1,,,,,,3790,,3,f82f6aed-ceb5-49a9-af7b-90972bf8e700
W10-50,RB10M 0046,10M,400W,bent,17,RebarGroup,,9,10,323.5,330,161,330,,,,,,,,,,763,,0.6,44d1d4ab-9200-43a4-9868-7e64dd3db2a8
W10-50,RB10M 0046,10M,400W,bent,17,RebarGroup,,10,10,323.5,330,161,330,,,,,,,,,,763,,0.6,d8f12a59-07b0-4f43-b945-b70e17046bc3
W10-50,RS10M 0030,10M,400W,straight,STR,RebarGroup,,2,10,600,610,,,,,,,,,,,,600,,0.5,cb4c61fb-28bc-477f-8d74-982f287b9dcc
W10-50,RS10M 0030,10M,400W,straight,STR,RebarGroup,,2,10,600,610,,,,,,,,,,,,600,,0.5,3246819b-e2cd-4877-9cc8-f2194a851ced
W10-50,RS10M 0030,10M,400W,straight,STR,RebarGroup,,2,10,600,610,,,,,,,,,,,,600,,0.5,c35a3f26-6909-41bb-a1e4-bdf83f597123
W10-50,RS10M 0030,10M,400W,straight,STR,RebarGroup,,2,10,600,610,,,,,,,,,,,,600,,0.5,666271cb-0a4b-4f2a-a00b-36863707a5fe
W10-50,RS10M 0030,10M,400W,straight,STR,RebarGroup,,2,10,600,610,,,,,,,,,,,,600,,0.5,00bf664e-b0d0-4b7a-bd9c-dccb362496cc
W10-50,RS10M 0030,10M,400W,straight,STR,RebarGroup,,2,10,600,610,,,,,,,,,,,,600,,0.5,7e3aea0c-bda0-4db7-b712-d4c5294b6d28
W10-50,RB10M 0051,10M,400W,bent,TS5_1,RebarGroup,,2,10,255,254,254,,,,,,,,,,,749,,0.6,3a91585c-ee08-4cea-819c-b7b07c90d607
W10-50,RB10M 0051,10M,400W,bent,TS5_1,RebarGroup,,2,10,255,254,254,,,,,,,,,,,749,,0.6,d9b14f0c-c004-42bf-8759-b84e35e47af1
W10-50,RS15M 0096,15M,400W,straight,STR,RebarGroup,,2,15,4749.4,4750,,,,,,,,,,,,4750,,7.5,64dd1cff-953e-433d-98af-c8c3ceb0aca4
W10-50,RS15M 0097,15M,400W,straight,STR,RebarGroup,,2,15,2562.7,2566,,,,,,,,,,,,2563,,4,8e4c9125-f644-413b-b624-52f2875aefbd
W10-50,RB10M 0052,10M,400W,stirrup,TS67_2,RebarGroup,,13,10,100,160,279,160,278,160,100,,,,,,,1089,,0.9,9b12d52c-06cb-4bbb-90a9-c0f849827497
W10-50,RS15M 0096,15M,400W,straight,STR,RebarGroup,,2,15,4749.4,4750,,,,,,,,,,,,4750,,7.5,218e1b2f-27af-48c3-be8d-7d983e2311ff
W10-50,RS15M 0097,15M,400W,straight,STR,RebarGroup,,2,15,2562.7,2566,,,,,,,,,,,,2563,,4,1b2659bf-0770-4e90-ae35-fec816b0d793
W10-50,RB10M 0050,10M,400W,stirrup,Unknown,RebarGroup,,12,10,93.1,653.5,147,1215.8,147,616.5,147,321.5,,,,,,4245,,3.3,bcf57388-e311-4c8e-8716-655fe8b045bd
W10-50,RS10M 0208,10M,400W,straight,STR,SingleRebar,,1,10,9266,9271,,,,,,,,,,,,9267,,7.3,af5b0c5a-d314-4fa2-bc69-375b7d17a7aa
W10-50,RS10M 0238,10M,400W,straight,STR,SingleRebar,,1,10,173,178,,,,,,,,,,,,174,,0.1,df0abf9f-8783-4310-afff-7269a5ee2d1e
W10-50,RS10M 0238,10M,400W,straight,STR,SingleRebar,,1,10,173,178,,,,,,,,,,,,174,,0.1,30dead45-f8f3-4974-b401-4b8a5d262518
W10-50,RB10M 0051,10M,400W,bent,TS5_1,RebarGroup,,2,10,255,254,254,,,,,,,,,,,749,,0.6,c049e08c-e281-4b07-85e4-c6e2767c7a59
W10-50,RB10M 0051,10M,400W,bent,TS5_1,RebarGroup,,2,10,255,254,254,,,,,,,,,,,749,,0.6,09cacd7c-c6c3-42a2-b66f-b298be6fdd45
W10-50,RS15M 0173,15M,400W,straight,STR,SingleRebar,,1,15,3199,3201,,,,,,,,,,,,3199,,5,2840e2ae-3df3-42c6-be57-ceeabc2c575e
W10-50,RS15M 0173,15M,400W,straight,STR,SingleRebar,,1,15,3199,3201,,,,,,,,,,,,3199,,5,b51f386c-313c-44a9-be09-92454e52f4c4
W10-50,RB15M 0068,15M,400W,bent,Unknown,RebarGroup,,2,15,509.9,149,509.9,,,,,,,,,,,1136,,1.8,d58e2eed-0efc-4bbd-8b33-a1e7ae67a84b
W10-50,RS10M 0239,10M,400W,straight,STR,SingleRebar,,1,10,8790.3,8789,,,,,,,,,,,,8791,,6.9,00d4a0e0-d293-4fae-b27a-fa5e360f59ad
W10-50,RS10M 0239,10M,400W,straight,STR,SingleRebar,,1,10,8790.3,8789,,,,,,,,,,,,8791,,6.9,e45c4041-96a9-4c2f-8639-a1bb80198fc7
W10-50,RS15M 0240,15M,400W,straight,STR,SingleRebar,,1,15,2362,2363,,,,,,,,,,,,2363,,3.7,65094afc-2271-4204-b894-ec36561b6961
W10-50,RS15M 0240,15M,400W,straight,STR,SingleRebar,,1,15,2362,2363,,,,,,,,,,,,2363,,3.7,00a84b34-235d-4d92-a7be-72da211565d3
W10-50,RS15M 0241,15M,400W,straight,STR,SingleRebar,,1,15,237,229,,,,,,,,,,,,237,,0.4,0a6a4684-5a6a-4f27-9b68-6f3712736449
W10-50,RS15M 0059,15M,400W,straight,STR,RebarGroup,,14,15,2617.9,2617,,,,,,,,,,,,2618,,4.1,ab153ecd-a2ab-4e57-a0bf-8b3fef137da6
W10-50,RS15M 0058,15M,400W,straight,STR,RebarGroup,,14,15,2875,2871,,,,,,,,,,,,2875,,4.5,8e60c215-1eaf-4e30-af05-c3d98cc2e6e7
W10-50,RS10M 0208,10M,400W,straight,STR,RebarGroup,,2,10,9266,9271,,,,,,,,,,,,9267,,7.3,d214b1fc-2603-4941-94dc-c0d86ea45996
W10-50,RS15M 0029,15M,400W,straight,STR,RebarGroup,,2,15,7887.2,7900,,,,,,,,,,,,7888,,12.4,c3b5e5e7-fdf8-4a3b-8bec-d0e2e4bb7707
W10-50,RS15M 0029,15M,400W,straight,STR,RebarGroup,,2,15,7887.2,7900,,,,,,,,,,,,7888,,12.4,dd62da24-80c4-47f6-a870-cec2f84b4cba
W10-50,RS10M 0251,10M,400W,straight,STR,RebarGroup,,6,10,2015.1,2007,,,,,,,,,,,,2016,,1.6,2bff747c-dc61-40ff-b0e5-7e38bb43edc4
W10-50,RS10M 0251,10M,400W,straight,STR,RebarGroup,,6,10,2015.1,2007,,,,,,,,,,,,2016,,1.6,f12404ce-8173-4d1b-94a0-fe0406b04e8e
W10-50,RS15M 0095,15M,400W,straight,STR,SingleRebar,,1,15,9266,9271,,,,,,,,,,,,9267,,14.5,a9754a96-03e1-4d5b-8cff-ffe8bd17306a
W10-50,RS15M 0268,15M,400W,straight,STR,SingleRebar,,1,15,8790,8789,,,,,,,,,,,,8790,,13.8,4f343447-a7d0-4b21-bb00-168f8904bfba
W10-50,RS15M 0095,15M,400W,straight,STR,SingleRebar,,1,15,9266,9271,,,,,,,,,,,,9267,,14.5,927e32ff-038b-42b7-820b-b5640a9f8fb2
W10-50,RS15M 0268,15M,400W,straight,STR,SingleRebar,,1,15,8790,8789,,,,,,,,,,,,8790,,13.8,e65c6c9b-aeef-45c5-87b9-ceb9b4f80c2d
W10-50,RS15M 0269,15M,400W,straight,STR,SingleRebar,,1,15,173.1,178,,,,,,,,,,,,174,,0.3,65b6bc25-f531-48cd-bb04-b31b037d8983
W10-50,RS15M 0269,15M,400W,straight,STR,SingleRebar,,1,15,173.1,178,,,,,,,,,,,,174,,0.3,28de2c74-a3a3-4ed5-8c37-48cac7211e20
W10-50,RB10M 0135,10M,400W,stirrup,Unknown,RebarGroup,,22,10,754.6,181,503.8,181,37.5,80,,,,,,,,1692,,1.3,93b6d81a-3ae5-47bf-88f7-9e6904250e89
W10-50,RB10M 0049,10M,400W,stirrup,T1,RebarGroup,,12,10,99,189,194,189,194,181,99,80,,,,,,890,,0.7,e84e926d-bbdc-49b1-852d-f80e411b7637
W10-50,RS10M 0180,10M,400W,straight,STR,RebarGroup,,6,10,2617.2,2617,,,,,,,,,,,,2618,,2.1,246b7046-9458-4830-9401-71844c2a3d95
W10-50,RS10M 0195,10M,400W,straight,STR,RebarGroup,,6,10,2873.4,2871,,,,,,,,,,,,2874,,2.3,c81ebfbe-3d26-4d52-9ac6-5e07d88f3b88
W10-50,RB25M 0139,25M,400W,bent,17,SingleRebar,,1,25,198,212,2085,212,,,,,,,,,,2377,,9.3,34e5be79-73b0-4e0b-ad09-f1f98a1dcc30
W10-50,RB10M 0125,10M,400W,stirrup,14,RebarGroup,,2,10,200,140,209,139,200,,,,100,,,,404,860,,0.7,ef983be4-13aa-4fee-83f5-f2b5b0f80576
W10-50,RB10M 0125,10M,400W,stirrup,14,RebarGroup,,2,10,200,140,209,139,200,,,,100,,,,404,860,,0.7,06fe177a-8c17-497e-b4ca-f0da4a25429e
W10-50,RB10M 0040,10M,400W,stirrup,T1,RebarGroup,,10,10,102,161,1676,161,1676,1662.8,102,74.1,,,,,,3790,,3,f82f6aed-ceb5-49a9-af7b-90972bf8e700
W10-50,RB10M 0046,10M,400W,bent,17,RebarGroup,,9,10,323.5,330,161,330,,,,,,,,,,763,,0.6,44d1d4ab-9200-43a4-9868-7e64dd3db2a8
W10-50,RB10M 0046,10M,400W,bent,17,RebarGroup,,10,10,323.5,330,161,330,,,,,,,,,,763,,0.6,d8f12a59-07b0-4f43-b945-b70e17046bc3
W10-50,RS10M 0030,10M,400W,straight,STR,RebarGroup,,2,10,600,610,,,,,,,,,,,,600,,0.5,cb4c61fb-28bc-477f-8d74-982f287b9dcc
W10-50,RS10M 0030,10M,400W,straight,STR,RebarGroup,,2,10,600,610,,,,,,,,,,,,600,,0.5,3246819b-e2cd-4877-9cc8-f2194a851ced
W10-50,RS10M 0030,10M,400W,straight,STR,RebarGroup,,2,10,600,610,,,,,,,,,,,,600,,0.5,c35a3f26-6909-41bb-a1e4-bdf83f597123
W10-50,RS10M 0030,10M,400W,straight,STR,RebarGroup,,2,10,600,610,,,,,,,,,,,,600,,0.5,666271cb-0a4b-4f2a-a00b-36863707a5fe
W10-50,RS10M 0030,10M,400W,straight,STR,RebarGroup,,2,10,600,610,,,,,,,,,,,,600,,0.5,00bf664e-b0d0-4b7a-bd9c-dccb362496cc
W10-50,RS10M 0030,10M,400W,straight,STR,RebarGroup,,2,10,600,610,,,,,,,,,,,,600,,0.5,7e3aea0c-bda0-4db7-b712-d4c5294b6d28
W10-50,RB10M 0051,10M,400W,bent,TS5_1,RebarGroup,,2,10,255,254,254,,,,,,,,,,,749,,0.6,3a91585c-ee08-4cea-819c-b7b07c90d607
W10-50,RB10M 0051,10M,400W,bent,TS5_1,RebarGroup,,2,10,255,254,254,,,,,,,,,,,749,,0.6,d9b14f0c-c004-42bf-8759-b84e35e47af1
W10-50,RS15M 0096,15M,400W,straight,STR,RebarGroup,,2,15,4749.4,4750,,,,,,,,,,,,4750,,7.5,64dd1cff-953e-433d-98af-c8c3ceb0aca4
W10-50,RS15M 0097,15M,400W,straight,STR,RebarGroup,,2,15,2562.7,2566,,,,,,,,,,,,2563,,4,8e4c9125-f644-413b-b624-52f2875aefbd
W10-50,RB10M 0052,10M,400W,stirrup,TS67_2,RebarGroup,,13,10,100,160,279,160,278,160,100,,,,,,,1089,,0.9,9b12d52c-06cb-4bbb-90a9-c0f849827497
W10-50,RS15M 0096,15M,400W,straight,STR,RebarGroup,,2,15,4749.4,4750,,,,,,,,,,,,4750,,7.5,218e1b2f-27af-48c3-be8d-7d983e2311ff
W10-50,RS15M 0097,15M,400W,straight,STR,RebarGroup,,2,15,2562.7,2566,,,,,,,,,,,,2563,,4,1b2659bf-0770-4e90-ae35-fec816b0d793
W10-50,RB10M 0050,10M,400W,stirrup,Unknown,RebarGroup,,12,10,93.1,653.5,147,1215.8,147,616.5,147,321.5,,,,,,4245,,3.3,bcf57388-e311-4c8e-8716-655fe8b045bd
W10-50,RS10M 0208,10M,400W,straight,STR,SingleRebar,,1,10,9266,9271,,,,,,,,,,,,9267,,7.3,af5b0c5a-d314-4fa2-bc69-375b7d17a7aa
W10-50,RS10M 0238,10M,400W,straight,STR,SingleRebar,,1,10,173,178,,,,,,,,,,,,174,,0.1,df0abf9f-8783-4310-afff-7269a5ee2d1e
W10-50,RS10M 0238,10M,400W,straight,STR,SingleRebar,,1,10,173,178,,,,,,,,,,,,174,,0.1,30dead45-f8f3-4974-b401-4b8a5d262518
W10-50,RB10M 0051,10M,400W,bent,TS5_1,RebarGroup,,2,10,255,254,254,,,,,,,,,,,749,,0.6,c049e08c-e281-4b07-85e4-c6e2767c7a59
W10-50,RB10M 0051,10M,400W,bent,TS5_1,RebarGroup,,2,10,255,254,254,,,,,,,,,,,749,,0.6,09cacd7c-c6c3-42a2-b66f-b298be6fdd45
W10-50,RS15M 0173,15M,400W,straight,STR,SingleRebar,,1,15,3199,3201,,,,,,,,,,,,3199,,5,2840e2ae-3df3-42c6-be57-ceeabc2c575e
W10-50,RS15M 0173,15M,400W,straight,STR,SingleRebar,,1,15,3199,3201,,,,,,,,,,,,3199,,5,b51f386c-313c-44a9-be09-92454e52f4c4
W10-50,RB15M 0068,15M,400W,bent,Unknown,RebarGroup,,2,15,509.9,149,509.9,,,,,,,,,,,1136,,1.8,d58e2eed-0efc-4bbd-8b33-a1e7ae67a84b
W10-50,RS10M 0239,10M,400W,straight,STR,SingleRebar,,1,10,8790.3,8789,,,,,,,,,,,,8791,,6.9,00d4a0e0-d293-4fae-b27a-fa5e360f59ad
W10-50,RS10M 0239,10M,400W,straight,STR,SingleRebar,,1,10,8790.3,8789,,,,,,,,,,,,8791,,6.9,e45c4041-96a9-4c2f-8639-a1bb80198fc7
W10-50,RS15M 0240,15M,400W,straight,STR,SingleRebar,,1,15,2362,2363,,,,,,,,,,,,2363,,3.7,65094afc-2271-4204-b894-ec36561b6961
W10-50,RS15M 0240,15M,400W,straight,STR,SingleRebar,,1,15,2362,2363,,,,,,,,,,,,2363,,3.7,00a84b34-235d-4d92-a7be-72da211565d3
W10-50,RS15M 0241,15M,400W,straight,STR,SingleRebar,,1,15,237,229,,,,,,,,,,,,237,,0.4,0a6a4684-5a6a-4f27-9b68-6f3712736449
W10-50,RS15M 0059,15M,400W,straight,STR,RebarGroup,,14,15,2617.9,2617,,,,,,,,,,,,2618,,4.1,ab153ecd-a2ab-4e57-a0bf-8b3fef137da6
W10-50,RS15M 0058,15M,400W,straight,STR,RebarGroup,,14,15,2875,2871,,,,,,,,,,,,2875,,4.5,8e60c215-1eaf-4e30-af05-c3d98cc2e6e7
W10-50,RS10M 0208,10M,400W,straight,STR,RebarGroup,,2,10,9266,9271,,,,,,,,,,,,9267,,7.3,d214b1fc-2603-4941-94dc-c0d86ea45996
W10-50,RS15M 0029,15M,400W,straight,STR,RebarGroup,,2,15,7887.2,7900,,,,,,,,,,,,7888,,12.4,c3b5e5e7-fdf8-4a3b-8bec-d0e2e4bb7707
W10-50,RS15M 0029,15M,400W,straight,STR,RebarGroup,,2,15,7887.2,7900,,,,,,,,,,,,7888,,12.4,dd62da24-80c4-47f6-a870-cec2f84b4cba
W10-50,RS10M 0251,10M,400W,straight,STR,RebarGroup,,6,10,2015.1,2007,,,,,,,,,,,,2016,,1.6,2bff747c-dc61-40ff-b0e5-7e38bb43edc4
W10-50,RS10M 0251,10M,400W,straight,STR,RebarGroup,,6,10,2015.1,2007,,,,,,,,,,,,2016,,1.6,f12404ce-8173-4d1b-94a0-fe0406b04e8e
W10-50,RS15M 0095,15M,400W,straight,STR,SingleRebar,,1,15,9266,9271,,,,,,,,,,,,9267,,14.5,a9754a96-03e1-4d5b-8cff-ffe8bd17306a
W10-50,RS15M 0268,15M,400W,straight,STR,SingleRebar,,1,15,8790,8789,,,,,,,,,,,,8790,,13.8,4f343447-a7d0-4b21-bb00-168f8904bfba
W10-50,RS15M 0095,15M,400W,straight,STR,SingleRebar,,1,15,9266,9271,,,,,,,,,,,,9267,,14.5,927e32ff-038b-42b7-820b-b5640a9f8fb2
W10-50,RS15M 0268,15M,400W,straight,STR,SingleRebar,,1,15,8790,8789,,,,,,,,,,,,8790,,13.8,e65c6c9b-aeef-45c5-87b9-ceb9b4f80c2d
W10-50,RS15M 0269,15M,400W,straight,STR,SingleRebar,,1,15,173.1,178,,,,,,,,,,,,174,,0.3,65b6bc25-f531-48cd-bb04-b31b037d8983
W10-50,RS15M 0269,15M,400W,straight,STR,SingleRebar,,1,15,173.1,178,,,,,,,,,,,,174,,0.3,28de2c74-a3a3-4ed5-8c37-48cac7211e20
W10-50,RB10M 0135,10M,400W,stirrup,Unknown,RebarGroup,,22,10,754.6,181,503.8,181,37.5,80,,,,,,,,1692,,1.3,93b6d81a-3ae5-47bf-88f7-9e6904250e89
W10-50,RB10M 0049,10M,400W,stirrup,T1,RebarGroup,,12,10,99,189,194,189,194,181,99,80,,,,,,890,,0.7,e84e926d-bbdc-49b1-852d-f80e411b7637
W10-50,RS10M 0180,10M,400W,straight,STR,RebarGroup,,6,10,2617.2,2617,,,,,,,,,,,,2618,,2.1,246b7046-9458-4830-9401-71844c2a3d95
W10-50,RS10M 0195,10M,400W,straight,STR,RebarGroup,,6,10,2873.4,2871,,,,,,,,,,,,2874,,2.3,c81ebfbe-3d26-4d52-9ac6-5e07d88f3b88
W10-50,RB25M 0139,25M,400W,bent,17,SingleRebar,,1,25,198,212,2085,212,,,,,,,,,,2377,,9.3,34e5be79-73b0-4e0b-ad09-f1f98a1dcc30
