PieceMark,Mark,Kind,Description,Qty,Profile,Material,LengthMm,WeightKg,Guid
W10-67,MPX11,EMBED,V REVEAL LARGE,1,TRIANGLE12.7*12.7,Misc_Undefined,,,d07187f7-a100-4272-b8e2-078deade0de8
W10-67,P-300,INSERT,19Ø INSERT (NC),5,ROD23.813,A36,,,5d72b022-42ec-469d-a2ef-a0ae095e4db2
W10-67,GT75-686,GROUT_TUBE,75Ø x 686 GROUT TUBE,2,ROD76,Zero_Density,,,28ba2625-eed0-468c-9847-70483d22614a
W10-67,SP15-457,INSERT,15Mx457 WILLIAMS SPL,6,ROD16,400W,,,ec414f87-c6a7-444e-a0ef-ffd04bde58b5
W10-67,GT75-1219,GROUT_TUBE,75Ø x 1219 GROUT TUBE,8,ROD76,Zero_Density,,,aeb40017-19a8-4057-8209-ce5c92663363
W10-67,GT100-1219,GROUT_TUBE,100Øx1219 GROUT TUBE,3,ROD102,Zero_Density,,,04479b0c-b1e1-4f5e-ab56-0704d8578b0b
W10-67,SP25-1067,INSERT,SP25Mx1067 WILLIAMS S,8,ROD25.4,A706-GR.60,,,24aa0394-6f84-4158-b6f3-abc29aeb3ee5
W10-67,SP30-1219,INSERT,30Mx1219 WILLIAMS SPL,1,ROD30.16,A706-GR.60,,,9c624f47-01f8-47aa-9b59-cd3025b82168
W10-67,GT76-254,GROUT_TUBE,76Øx254mm G.TUBE,6,ROD76.2,Zero_Density,,,c25bc895-8491-467f-a10a-72c88e46a670
W10-67,CNDT,CONDUIT,19MM CONDUIT,1,ROD19,Zero_Density,,,d2e4e0bb-1513-417f-8ccd-790f97cf9354
W10-67,EB-S-PL,PLATE,Single Plastic Electr,1,160*50.8,Zero_Density,,,ceb23fbb-5c50-4baf-a6dc-3f6fdd2fe0a2
W10-67,P-602,EMBED,13PL. W/STUD,1,PL101.6*12.7,A572-GR.50,,,24d12828-c5fc-4747-83c1-9a3ad039635f
W10-67,P-205,ANCHOR,12000LB FORGED ANCHOR,4,PL15.88,A36,,,8bd12415-caa8-47e1-b8a2-09516e32fd37
W10-175,MPX11,EMBED,V REVEAL LARGE,1,TRIANGLE12.7*12.7,Misc_Undefined,,,537cf6d7-66f0-4907-bdc6-bd6c6f96b999
W10-175,P-300,INSERT,19Ø INSERT (NC),5,ROD23.813,A36,,,f0690f9d-60a5-4c2c-81bf-7a3463b816ca
W10-175,GT75-686,GROUT_TUBE,75Ø x 686 GROUT TUBE,2,ROD76,Zero_Density,,,f36bb48e-70a9-4d6b-96d8-f3907a3c8d5c
W10-175,SP15-457,INSERT,15Mx457 WILLIAMS SPL,6,ROD16,400W,,,08fbf696-3f06-4b51-8a17-85e49a5a5e72
W10-175,GT75-1219,GROUT_TUBE,75Ø x 1219 GROUT TUBE,8,ROD76,Zero_Density,,,675587cb-9536-4f13-81e7-fce0a4e34c56
W10-175,GT100-1219,GROUT_TUBE,100Øx1219 GROUT TUBE,3,ROD102,Zero_Density,,,67bd676c-4270-4ec2-81c5-3d609f71bda2
W10-175,SP25-1067,INSERT,SP25Mx1067 WILLIAMS S,8,ROD25.4,A706-GR.60,,,5a2b201e-7b76-4945-abcb-f4e34d0a62f8
W10-175,SP30-1219,INSERT,30Mx1219 WILLIAMS SPL,1,ROD30.16,A706-GR.60,,,157b2433-7572-42f2-80bd-909a1aab07ae
W10-175,GT76-254,GROUT_TUBE,76Øx254mm G.TUBE,6,ROD76.2,Zero_Density,,,4cd1d32b-db62-4b7b-a2a9-a491c1ca264a
W10-175,CNDT,CONDUIT,19MM CONDUIT,1,ROD19,Zero_Density,,,5efd40dc-159b-4a08-a9d5-f4e8e6f86199
W10-175,EB-S-PL,PLATE,Single Plastic Electr,1,160*50.8,Zero_Density,,,b440b481-a866-4e35-98d4-04d4f91fb8ed
W10-175,P-602,EMBED,13PL. W/STUD,1,PL101.6*12.7,A572-GR.50,,,fe26089a-4ff6-4306-8c03-ab1aa538c4fe
W10-175,P-205,ANCHOR,12000LB FORGED ANCHOR,4,PL15.88,A36,,,92e4fd36-13d1-4655-a7de-fcae240e0e63
W10-78,MPX1,EMBED,V REVEAL LARGE,1,TRIANGLE12.7*12.7,Misc_Undefined,,,ff8b3733-189b-4c34-8a6d-37949f8307e7
W10-78,GT100-1219,GROUT_TUBE,100Øx1219 GROUT TUBE,18,ROD102,Zero_Density,,,1059a49f-a33e-435d-9e03-13a78fb50509
W10-78,GT100-686,GROUT_TUBE,100Øx686 GROUT TUBE,3,ROD102,Zero_Density,,,32a53b93-2a21-40b1-926c-6bdb4d238753
W10-78,P-300,INSERT,19Ø INSERT (NC),4,ROD23.813,A36,,,356cd7ed-8fe5-4633-840a-8bd3c1532844
W10-78,SP25-1067,INSERT,SP25Mx1067 WILLIAMS S,5,ROD25.4,A706-GR.60,,,c9c3672a-373b-4da1-bbbb-26540496fe44
W10-78,P-616,PLATE,13x203x203 PLATE,2,PL203*13,A572-GR.50,,,e815a4f5-4bdc-4962-822f-097c7969dfb0
W10-78,SP30-1219,INSERT,30Mx1219 WILLIAMS SPL,1,ROD30.16,A706-GR.60,,,b8f47543-f1c1-4f9d-9d13-7325b222739d
W10-78,P-205,ANCHOR,12000LB FORGED ANCHOR,2,PL15.88,A36,,,494d843b-b649-4ffe-8c66-f8f109672d3c
W10-78,GT76-254,GROUT_TUBE,76Øx254mm G.TUBE,1,ROD76.2,Zero_Density,,,5dba95cf-f97e-4a23-9e11-1a223f6b5678
W10-34,MPX3,EMBED,V REVEAL LARGE,1,TRIANGLE12.7*12.7,Misc_Undefined,,,d2f186c6-7582-4456-ade3-1131f9fff0ac
W10-34,GT100-686,GROUT_TUBE,100Øx686 GROUT TUBE,6,ROD102,Zero_Density,,,d07345a0-4bc6-4f38-bd60-acbe3d83e311
W10-34,GT100-1219,GROUT_TUBE,100Øx1219 GROUT TUBE,27,ROD102,Zero_Density,,,e2270bf4-05ed-41be-83a0-764903babe03
W10-34,P-300,INSERT,19Ø INSERT (NC),5,ROD23.813,A36,,,57b17aa7-e2e8-4847-96c3-7d0313f123fe
W10-34,SP25-1067,INSERT,SP25Mx1067 WILLIAMS S,8,ROD25.4,A706-GR.60,,,3ff01528-e421-4569-bc00-1e6c915eec29
W10-34,SP15-457,INSERT,15Mx457 WILLIAMS SPL,6,ROD16,400W,,,9ff35318-0821-45eb-9287-16a21231425c
W10-34,SP30-1219,INSERT,30Mx1219 WILLIAMS SPL,1,ROD30.16,A706-GR.60,,,ff3671dc-e5d3-4f28-9b3d-b1417bd9a89c
W10-34,P-205,ANCHOR,12000LB FORGED ANCHOR,4,PL15.88,A36,,,e335e868-0a04-43ad-9719-e5e8f595f5ee
W10-34,GT76-254,GROUT_TUBE,76Øx254mm G.TUBE,2,ROD76.2,Zero_Density,,,75d3bca1-f36b-48a2-b2ee-e2529537a3a7
W10-132,MPX11,EMBED,V REVEAL LARGE,1,TRIANGLE12.7*12.7,Misc_Undefined,,,0623cd42-b7d0-4271-8532-43e6356e8813
W10-132,P-300,INSERT,19Ø INSERT (NC),5,ROD23.813,A36,,,af6ab3e2-c8be-43da-b893-b3974c4000c6
W10-132,GT75-1219,GROUT_TUBE,75Ø x 1219 GROUT TUBE,8,ROD76,Zero_Density,,,8b67f065-000c-4e02-abec-15329c27bf57
W10-132,GT75-686,GROUT_TUBE,75Ø x 686 GROUT TUBE,2,ROD76,Zero_Density,,,ebab82a6-e7c7-4162-be09-2e97650fc53f
W10-132,SP25-1067,INSERT,SP25Mx1067 WILLIAMS S,8,ROD25.4,A706-GR.60,,,35b4ce3b-f242-4d4c-82db-7d727514a5f9
W10-132,SP15-457,INSERT,15Mx457 WILLIAMS SPL,6,ROD16,400W,,,b3f2b952-1d73-4491-93c1-f55e781025f1
W10-132,GT100-1219,GROUT_TUBE,100Øx1219 GROUT TUBE,3,ROD102,Zero_Density,,,72b96d31-a810-4f09-8b17-57b5ed56a8fc
W10-132,SP30-1219,INSERT,30Mx1219 WILLIAMS SPL,1,ROD30.16,A706-GR.60,,,cd665689-7ea4-48cb-bf64-e78dc92ccb8e
W10-132,GT76-254,GROUT_TUBE,76Øx254mm G.TUBE,6,ROD76.2,Zero_Density,,,99e5051e-c2f1-4cba-98ef-2d927fb1689b
W10-132,CNDT,CONDUIT,19MM CONDUIT,1,ROD19,Zero_Density,,,007dc9a3-f675-4015-bb2d-ae9956d53eb1
W10-132,EB-S-PL,PLATE,Single Plastic Electr,1,160*50.8,Zero_Density,,,25e39c1b-09fa-4dcc-8573-fd0f54fb79a3
W10-132,P-602,EMBED,13PL. W/STUD,1,PL101.6*12.7,A572-GR.50,,,d13ff7ba-998c-45b9-8be5-8426414dd1ba
W10-132,P-205,ANCHOR,12000LB FORGED ANCHOR,4,PL15.88,A36,,,b98e8fd6-97ba-4472-b12c-3e8f8d298350
P6-1,MPX10,EMBED,V REVEAL LARGE,1,TRIANGLE12.7*12.7,Misc_Undefined,,,3dcb27df-cda4-4318-8d49-97fe1e06f522
P6-1,P-620,EMBED,6PL W/STUDS,1,PL101.6*6.35,A572-GR.50,,,c7830542-5536-411d-97ee-871cbaee78bc
P6-1,P-300,INSERT,19Ø INSERT (NC),6,ROD23.813,A36,,,ac6a7136-f68f-40db-a82a-e618326aab2d
P6-1,GT75-305,GROUT_TUBE,76Ø x 305 GROUT TUBE,7,ROD76.2,Zero_Density,,,3619e0d9-4637-4bed-8271-b33e0c526922
P6-1,GT76-152,GROUT_TUBE,76Øx152mm G.TUBE,9,ROD76.2,Zero_Density,,,14b919bb-aa47-4096-9607-059c2be92ece
P6-1,P-205,ANCHOR,12000LB FORGED ANCHOR,4,PL15.88,A36,,,e8d0c7a9-30e8-4b95-9e9e-063d0f57b7d2
W10-43,GT100-1219,GROUT_TUBE,100Øx1219 GROUT TUBE,6,ROD102,Zero_Density,,,2642b92e-8df9-4db6-ba3f-c09a61c63757
W10-43,GT100-686,GROUT_TUBE,100Øx686 GROUT TUBE,15,ROD102,Zero_Density,,,45bf5dee-cce7-4405-8cc3-4cf734026ee3
W10-43,SP15-457,INSERT,15Mx457 WILLIAMS SPL,24,ROD16,400W,,,e3d13df2-7cbe-43ca-8876-9a55a9b5ac97
W10-43,P-300,INSERT,19Ø INSERT (NC),3,ROD23.813,A36,,,dfa77b0a-349a-41f0-ba97-f9e9112fae69
W10-43,P-705,PLATE,13x203x203 PLATE,1,PL203*12.7,A572-GR.50,,,0be4aee2-32ac-41b0-aa7a-cc2119b9d0af
W10-43,CNDT,CONDUIT,19MM CONDUIT,1,ROD19,Zero_Density,,,05e7c94a-19c1-46df-8859-34b991f7e4d0
W10-43,EB-S-PL,PLATE,Single Plastic Electr,1,160*50.8,Zero_Density,,,648fe841-7299-4f31-aa71-e96379702274
W10-43,P-205,ANCHOR,12000LB FORGED ANCHOR,4,PL15.88,A36,,,a7e3b767-c476-4962-8e28-946f68055fd2
W10-43,SLV-102-254,SLEEVE,102Ø x 254 PVC SLEEVE,1,ROD108,Zero_Density,,,75690fb5-cbba-4c5c-bd28-96f28661353f
W10-48,MPX11,EMBED,V REVEAL LARGE,1,TRIANGLE12.7*12.7,Misc_Undefined,,,41c74b44-4bb4-4f32-9ff1-8392e22c0d99
W10-48,P-300,INSERT,19Ø INSERT (NC),5,ROD23.813,A36,,,562c83ef-37e8-4f2f-98f0-8038544e79f7
W10-48,GT75-1219,GROUT_TUBE,75Ø x 1219 GROUT TUBE,8,ROD76,Zero_Density,,,b0e76076-b421-48e6-9b42-036ebde075f6
W10-48,GT75-686,GROUT_TUBE,75Ø x 686 GROUT TUBE,2,ROD76,Zero_Density,,,dcbee047-8f4a-4e2e-ad62-3ffb19de975f
W10-48,SP25-1067,INSERT,SP25Mx1067 WILLIAMS S,8,ROD25.4,A706-GR.60,,,e939d835-17a5-4ac8-9454-e8daf8869073
W10-48,SP15-457,INSERT,15Mx457 WILLIAMS SPL,6,ROD16,400W,,,8df7466d-5e79-4b56-8205-16bf4b263f5a
W10-48,GT100-1219,GROUT_TUBE,100Øx1219 GROUT TUBE,3,ROD102,Zero_Density,,,e16b302e-4e07-4fdf-b585-52314a1d9967
W10-48,SP30-1219,INSERT,30Mx1219 WILLIAMS SPL,1,ROD30.16,A706-GR.60,,,19225d05-73f1-4b5a-86dd-16b6d94343ce
W10-48,GT76-254,GROUT_TUBE,76Øx254mm G.TUBE,6,ROD76.2,Zero_Density,,,beb1910e-296f-4f02-b8a9-d8229f9c159c
W10-48,CNDT,CONDUIT,19MM CONDUIT,1,ROD19,Zero_Density,,,e393d962-ab70-4a36-b681-f8b0a83a22e4
W10-48,EB-S-PL,PLATE,Single Plastic Electr,1,160*50.8,Zero_Density,,,b6e3c472-bc7b-4596-89bb-5cdec77ad357
W10-48,P-602,EMBED,13PL. W/STUD,1,PL101.6*12.7,A572-GR.50,,,bf645955-6dc6-4ca0-8025-3535fd5f669f
W10-48,P-205,ANCHOR,12000LB FORGED ANCHOR,4,PL15.88,A36,,,45d21b98-8852-407b-8a0d-647cf9b8f621
W10-45,MPX11,EMBED,V REVEAL LARGE,1,TRIANGLE12.7*12.7,Misc_Undefined,,,b355eaac-e8b0-4ba5-b95e-58e2d2a0cef8
W10-45,P-300,INSERT,19Ø INSERT (NC),5,ROD23.813,A36,,,e0941970-6342-4a9e-accb-ce218f001637
W10-45,GT75-1219,GROUT_TUBE,75Ø x 1219 GROUT TUBE,8,ROD76,Zero_Density,,,bdbe7c7f-d9f8-4709-9274-53a9af87a320
W10-45,SP25-1067,INSERT,SP25Mx1067 WILLIAMS S,8,ROD25.4,A706-GR.60,,,aaa54416-a72b-4f64-b31a-2fe86a6b448c
W10-45,GT75-686,GROUT_TUBE,75Ø x 686 GROUT TUBE,2,ROD76,Zero_Density,,,fe0047d9-aa65-4637-bb45-4b5324bafcd9
W10-45,SP15-457,INSERT,15Mx457 WILLIAMS SPL,6,ROD16,400W,,,65c04cfa-b7f3-4414-b6ea-621a71180931
W10-45,GT100-1219,GROUT_TUBE,100Øx1219 GROUT TUBE,3,ROD102,Zero_Density,,,602d9725-2d29-4772-a13b-934f2fce2fab
W10-45,SP30-1219,INSERT,30Mx1219 WILLIAMS SPL,1,ROD30.16,A706-GR.60,,,c7bbf998-2606-4bde-a035-785971a9dd87
W10-45,GT76-254,GROUT_TUBE,76Øx254mm G.TUBE,6,ROD76.2,Zero_Density,,,caf64909-556d-426c-adac-a7f6fe436c65
W10-45,CNDT,CONDUIT,19MM CONDUIT,1,ROD19,Zero_Density,,,8c55560f-3091-4359-ba7d-20c3c28d91c0
W10-45,EB-S-PL,PLATE,Single Plastic Electr,1,160*50.8,Zero_Density,,,eda8e796-0c0f-444f-ae2a-18888831ef8a
W10-45,P-602,EMBED,13PL. W/STUD,1,PL101.6*12.7,A572-GR.50,,,b8020e93-d211-4940-8ce3-039c09972004
W10-45,P-205,ANCHOR,12000LB FORGED ANCHOR,4,PL15.88,A36,,,9b9bc596-cf89-4c59-9100-b37c87bcae22
W10-59,MPX11,EMBED,V REVEAL LARGE,1,TRIANGLE12.7*12.7,Misc_Undefined,,,f9c49cf4-05bf-44bb-aff3-4f2614a6007b
W10-59,P-300,INSERT,19Ø INSERT (NC),5,ROD23.813,A36,,,b75fcd77-8a65-4727-8006-26445fa737b0
W10-59,GT75-1219,GROUT_TUBE,75Ø x 1219 GROUT TUBE,8,ROD76,Zero_Density,,,a066b822-e28d-457c-ac29-14f09f172f5e
W10-59,SP25-1067,INSERT,SP25Mx1067 WILLIAMS S,8,ROD25.4,A706-GR.60,,,a8eb9f40-7118-4749-81c7-682537fa50e6
W10-59,GT75-686,GROUT_TUBE,75Ø x 686 GROUT TUBE,2,ROD76,Zero_Density,,,6abd1a88-2aa8-44da-9b8b-3cc16699b8a9
W10-59,SP15-457,INSERT,15Mx457 WILLIAMS SPL,6,ROD16,400W,,,f6ba8fa1-733b-4de9-b9a7-f4686a2ba859
W10-59,GT100-1219,GROUT_TUBE,100Øx1219 GROUT TUBE,3,ROD102,Zero_Density,,,4a96e5f6-653b-4dc1-87aa-0219dfaf900c
W10-59,SP30-1219,INSERT,30Mx1219 WILLIAMS SPL,1,ROD30.16,A706-GR.60,,,9a106319-6415-455c-a55c-e267e7bc31e5
W10-59,GT76-254,GROUT_TUBE,76Øx254mm G.TUBE,6,ROD76.2,Zero_Density,,,bfa1e40e-9202-42bf-bf2c-d15ae97c0abd
W10-59,CNDT,CONDUIT,19MM CONDUIT,1,ROD19,Zero_Density,,,d5d262b4-3637-403a-8cb8-86ec16a1fb4a
W10-59,EB-S-PL,PLATE,Single Plastic Electr,1,160*50.8,Zero_Density,,,2487e297-9329-487b-9801-f0d39d084210
W10-59,P-602,EMBED,13PL. W/STUD,1,PL101.6*12.7,A572-GR.50,,,13bcc8e1-af1d-4182-b013-dc968ad77605
W10-59,P-205,ANCHOR,12000LB FORGED ANCHOR,4,PL15.88,A36,,,7c98245a-cc32-40d7-aaa9-efdf8e982e1b
W10-71,MPX11,EMBED,V REVEAL LARGE,1,TRIANGLE12.7*12.7,Misc_Undefined,,,bbcb4f2e-76b0-4310-b0f8-a0d9e066e199
W10-71,P-300,INSERT,19Ø INSERT (NC),5,ROD23.813,A36,,,d5c7dfa0-a327-4ffa-b1b9-5443f23f77b1
W10-71,GT75-1219,GROUT_TUBE,75Ø x 1219 GROUT TUBE,8,ROD76,Zero_Density,,,dfb0eceb-e7cb-4aef-a11f-509de8b6fda4
W10-71,GT75-686,GROUT_TUBE,75Ø x 686 GROUT TUBE,2,ROD76,Zero_Density,,,7ce8203d-59ed-4829-a78d-a76d2529ed50
W10-71,SP25-1067,INSERT,SP25Mx1067 WILLIAMS S,8,ROD25.4,A706-GR.60,,,a04bc318-0083-47d2-9589-a534f11f8fca
W10-71,SP15-457,INSERT,15Mx457 WILLIAMS SPL,6,ROD16,400W,,,1a3acb24-86e2-461e-8918-ba9d7df633e0
W10-71,GT100-1219,GROUT_TUBE,100Øx1219 GROUT TUBE,3,ROD102,Zero_Density,,,c4ff44ae-53f3-4450-a903-ce60402081d6
W10-71,SP30-1219,INSERT,30Mx1219 WILLIAMS SPL,1,ROD30.16,A706-GR.60,,,6d5bc72d-2192-4edc-b97f-d84493c0c97c
W10-71,GT76-254,GROUT_TUBE,76Øx254mm G.TUBE,6,ROD76.2,Zero_Density,,,a3ce4df4-84c6-4f77-b89a-066d459f4773
W10-71,CNDT,CONDUIT,19MM CONDUIT,1,ROD19,Zero_Density,,,9ec60e95-3d0a-4b4a-ba36-d7879eab6d88
W10-71,EB-S-PL,PLATE,Single Plastic Electr,1,160*50.8,Zero_Density,,,05c0da6a-e002-4af7-9165-0b58c716d6dc
W10-71,P-602,EMBED,13PL. W/STUD,1,PL101.6*12.7,A572-GR.50,,,b89f43cb-746e-4541-9c6a-141bd4105073
W10-71,P-205,ANCHOR,12000LB FORGED ANCHOR,4,PL15.88,A36,,,fff776dd-2a8e-4621-a885-4f0b55d994ed
W10-73,MPX11,EMBED,V REVEAL LARGE,1,TRIANGLE12.7*12.7,Misc_Undefined,,,0098798f-e8d6-4d98-9478-d0c6c184fb2f
W10-73,P-300,INSERT,19Ø INSERT (NC),5,ROD23.813,A36,,,6760d728-b507-4898-ba4a-4850d911aa6d
W10-73,GT75-1219,GROUT_TUBE,75Ø x 1219 GROUT TUBE,8,ROD76,Zero_Density,,,6fecdfa6-9ddd-4d23-8ddd-1de6a4235cab
W10-73,GT75-686,GROUT_TUBE,75Ø x 686 GROUT TUBE,2,ROD76,Zero_Density,,,d4b6f176-ac07-47cd-97cf-8e9cf0f0fd63
W10-73,SP15-457,INSERT,15Mx457 WILLIAMS SPL,27,ROD16,400W,,,0ba06ccf-9587-4a40-91c0-8644c5f0532f
W10-73,GT100-1219,GROUT_TUBE,100Øx1219 GROUT TUBE,3,ROD102,Zero_Density,,,ede64378-e839-4925-8cbe-61dc294df07c
W10-73,GT76-254,GROUT_TUBE,76Øx254mm G.TUBE,6,ROD76.2,Zero_Density,,,938c0f0f-3e49-451c-bad9-5daaed9856fd
W10-73,CNDT,CONDUIT,19MM CONDUIT,1,ROD19,Zero_Density,,,e79bf4d3-29d0-493a-837a-39ae19c58b3c
W10-73,EB-S-PL,PLATE,Single Plastic Electr,1,160*50.8,Zero_Density,,,fefc2731-93b4-4f19-87ba-ee81861df125
W10-73,P-602,EMBED,13PL. W/STUD,1,PL101.6*12.7,A572-GR.50,,,38dc91dd-db6c-4dd3-92bb-7da1080949f7
W10-73,P-205,ANCHOR,12000LB FORGED ANCHOR,4,PL15.88,A36,,,471e85e4-f8eb-487c-9883-57b1e22c94b3
W10-26,MPX14,EMBED,V REVEAL LARGE,1,TRIANGLE12.7*12.7,Misc_Undefined,,,685586e6-abe2-4c05-b8ac-a9eff18b64e6
W10-26,MPX12,EMBED,MOUNTPART,1,TRIANGLE51.0*12.7,Misc_Undefined,,,54b93857-ebbc-452d-a9e8-4e83f32514f7
W10-26,MPX11,EMBED,V REVEAL LARGE,1,TRIANGLE12.7*12.7,Misc_Undefined,,,eef42a9a-a6fb-4f81-9190-65c9c29c3eb9
W10-26,P-300,INSERT,19Ø INSERT (NC),4,ROD23.813,A36,,,7cfdca43-c915-4dca-980b-ceed39ab5a78
W10-26,SP15-457,INSERT,15Mx457 WILLIAMS SPL,18,ROD16,400W,,,deca9ab7-ed40-44fc-ac0a-ea821d1d09fb
W10-26,GT75-1219,GROUT_TUBE,75Ø x 1219 GROUT TUBE,8,ROD76,Zero_Density,,,0cb8a1bb-339f-49c7-a7a9-c1ec2f63874d
W10-26,GT75-686,GROUT_TUBE,75Ø x 686 GROUT TUBE,1,ROD76,Zero_Density,,,c7daca2e-c45b-473b-b4fc-99e26f2ba3a7
W10-26,GT76-254,GROUT_TUBE,76Øx254mm G.TUBE,6,ROD76.2,Zero_Density,,,d2993e4c-af26-4fdd-b3bd-fdad92dd6b9f
W10-26,CNDT,CONDUIT,19MM CONDUIT,1,ROD19,Zero_Density,,,f909cf7d-8555-48bf-8c45-f346fadf30a5
W10-26,EB-S-PL,PLATE,Single Plastic Electr,1,160*50.8,Zero_Density,,,53f03940-84e8-4b43-9fe7-b7f70422e565
W10-26,P-205,ANCHOR,12000LB FORGED ANCHOR,2,PL15.88,A36,,,64a9290a-b3d7-4a85-821a-483d929ad2e6
W10-50,MPX11,EMBED,V REVEAL LARGE,1,TRIANGLE12.7*12.7,Misc_Undefined,,,d7e49744-5127-4aa6-81f6-ff6e80eb548c
W10-50,P-300,INSERT,19Ø INSERT (NC),5,ROD23.813,A36,,,c4f91208-82b2-4d13-8778-38b20f102750
W10-50,GT75-686,GROUT_TUBE,75Ø x 686 GROUT TUBE,2,ROD76,Zero_Density,,,4f1c279c-ca7f-45ae-bd15-f6003de07e9a
W10-50,SP15-457,INSERT,15Mx457 WILLIAMS SPL,27,ROD16,400W,,,0aa9a5eb-f25c-4812-9f47-9ad9910305e6
W10-50,GT75-1219,GROUT_TUBE,75Ø x 1219 GROUT TUBE,8,ROD76,Zero_Density,,,7836a0b9-5c71-46f6-8741-0c68a2808d13
W10-50,GT100-1219,GROUT_TUBE,100Øx1219 GROUT TUBE,3,ROD102,Zero_Density,,,813de098-0f87-49b7-b13b-abc70d278490
W10-50,GT76-254,GROUT_TUBE,76Øx254mm G.TUBE,6,ROD76.2,Zero_Density,,,69803634-7184-4ac7-960a-2ca5034e7d5e
W10-50,CNDT,CONDUIT,19MM CONDUIT,1,ROD19,Zero_Density,,,4a30435b-18cb-4691-9395-e2a6de3823ce
W10-50,EB-S-PL,PLATE,Single Plastic Electr,1,160*50.8,Zero_Density,,,5ec84b14-57fe-422e-9c27-2eaf54e7069c
W10-50,P-602,EMBED,13PL. W/STUD,1,PL101.6*12.7,A572-GR.50,,,977f74bb-977a-436a-aec8-b2541b004fca
W10-50,P-205,ANCHOR,12000LB FORGED ANCHOR,4,PL15.88,A36,,,59e60965-a372-4372-8ab9-850460f3e95e
W10-68,MPX11,EMBED,V REVEAL LARGE,1,TRIANGLE12.7*12.7,Misc_Undefined,,,d24c0d62-1be1-423f-b9bf-1cc432bc32c2
W10-68,P-300,INSERT,19Ø INSERT (NC),5,ROD23.813,A36,,,08be5bee-8945-49b5-a5cc-58de22a02e3f
W10-68,GT75-1219,GROUT_TUBE,75Ø x 1219 GROUT TUBE,8,ROD76,Zero_Density,,,9935603f-1223-45c5-8fb4-fa33ba2247ef
W10-68,GT75-686,GROUT_TUBE,75Ø x 686 GROUT TUBE,2,ROD76,Zero_Density,,,f4673a15-9103-4092-9620-d7e71796006a
W10-68,SP25-1067,INSERT,SP25Mx1067 WILLIAMS S,8,ROD25.4,A706-GR.60,,,bfd36aed-1c46-42a3-ac03-7f0f165dfbf4
W10-68,SP15-457,INSERT,15Mx457 WILLIAMS SPL,6,ROD16,400W,,,2fae0a52-722f-429a-9532-73e19a01af46
W10-68,GT100-1219,GROUT_TUBE,100Øx1219 GROUT TUBE,3,ROD102,Zero_Density,,,44fe01b0-0a79-4a33-bcdc-cfa31106accd
W10-68,SP30-1219,INSERT,30Mx1219 WILLIAMS SPL,1,ROD30.16,A706-GR.60,,,8b020fc5-6ed9-471a-ace2-af609637b35d
W10-68,GT76-254,GROUT_TUBE,76Øx254mm G.TUBE,6,ROD76.2,Zero_Density,,,b94d8a85-dd98-450a-ac91-2acbc3d28943
W10-68,CNDT,CONDUIT,19MM CONDUIT,1,ROD19,Zero_Density,,,56b208c9-cc60-4a0b-9a4d-b9bfdec98c0f
W10-68,EB-S-PL,PLATE,Single Plastic Electr,1,160*50.8,Zero_Density,,,0ea2b6c4-9a1b-47f3-b73a-74681f23c1dd
W10-68,P-602,EMBED,13PL. W/STUD,1,PL101.6*12.7,A572-GR.50,,,7d75749b-e004-4bef-9f6b-b14d017d5cf1
W10-68,P-205,ANCHOR,12000LB FORGED ANCHOR,4,PL15.88,A36,,,dde8b884-388b-4275-b4fd-13d4f3417b82
