PieceMark,JointType,Kind,Mark,Description,Qty,Profile,Material,Guid
W10-67,piece-to-piece,EMBED,MPX11,V REVEAL LARGE,1,TRIANGLE12.7*12.7,Misc_Undefined,d07187f7-a100-4272-b8e2-078deade0de8
W10-67,piece-to-piece,INSERT,P-300-11,19Ø INSERT (NC),1,ROD23.813,A36,5d72b022-42ec-469d-a2ef-a0ae095e4db2
W10-67,piece-to-piece,EMBED,P-300-21,,1,ROD6.35,A36,bae869b1-c463-455e-abe8-12b1f8c83eae
W10-67,piece-to-piece,INSERT,P-300-11,19Ø INSERT (NC),1,ROD23.813,A36,6a0d3cdd-ba8f-490c-9225-95c3e71b6888
W10-67,piece-to-piece,EMBED,P-300-21,,1,ROD6.35,A36,985d2074-5060-4bd7-b846-b2fb5db67b15
W10-67,piece-to-piece,INSERT,P-300-11,19Ø INSERT (NC),1,ROD23.813,A36,317a4b02-8886-4f1b-b20b-e96e720a17d0
W10-67,piece-to-piece,EMBED,P-300-21,,1,ROD6.35,A36,f653a607-11f3-450f-91a1-d71d80ff4564
W10-67,piece-to-piece,GROUT_TUBE,GT75-686,75Ø x 686 GROUT TUBE,1,ROD76,Zero_Density,28ba2625-eed0-468c-9847-70483d22614a
W10-67,piece-to-piece,GROUT_TUBE,GT75-686,75Ø x 686 GROUT TUBE,1,ROD76,Zero_Density,48982e26-bf2f-4fdc-8ae8-78be012791a5
W10-67,piece-to-piece,INSERT,SP15-457-11,15Mx457 WILLIAMS SPL,1,ROD16,400W,ec414f87-c6a7-444e-a0ef-ffd04bde58b5
W10-67,piece-to-piece,INSERT,SP15-457-31,,1,PD52.387*12.7,400W,88aa84e9-09d1-473f-b243-4deda0c13056
W10-67,piece-to-piece,INSERT,SP15-457-21,,1,ROD26.987,400W,5c84faf2-14cb-4ca4-8e09-0ca003de6cd4
W10-67,piece-to-piece,INSERT,SP15-457-11,15Mx457 WILLIAMS SPL,1,ROD16,400W,e1aef6fd-c223-4354-895b-8883fab80292
W10-67,piece-to-piece,INSERT,SP15-457-31,,1,PD52.387*12.7,400W,954b8b64-c746-4a34-93fd-01625dcd5aea
W10-67,piece-to-piece,INSERT,SP15-457-21,,1,ROD26.987,400W,7235d5ba-3d29-4ec5-924f-35a58c2a6b89
W10-67,piece-to-piece,GROUT_TUBE,GT75-1219,75Ø x 1219 GROUT TUBE,1,ROD76,Zero_Density,aeb40017-19a8-4057-8209-ce5c92663363
W10-67,piece-to-piece,GROUT_TUBE,GT75-1219,75Ø x 1219 GROUT TUBE,1,ROD76,Zero_Density,9fcddabd-2324-4464-8df8-c2f51e6984d8
W10-67,piece-to-piece,GROUT_TUBE,GT75-1219,75Ø x 1219 GROUT TUBE,1,ROD76,Zero_Density,2851899a-b042-4bc0-9d5d-3704b7500b2c
W10-67,piece-to-piece,GROUT_TUBE,GT75-1219,75Ø x 1219 GROUT TUBE,1,ROD76,Zero_Density,6da990ed-a48a-499d-b39b-0ac2290cc389
W10-67,piece-to-piece,GROUT_TUBE,GT75-1219,75Ø x 1219 GROUT TUBE,1,ROD76,Zero_Density,15a1d4a0-ce54-4ab6-b7ea-1c6660d4b0d3
W10-67,piece-to-piece,GROUT_TUBE,GT75-1219,75Ø x 1219 GROUT TUBE,1,ROD76,Zero_Density,33110cd3-f3c6-4088-9560-d22a496aea16
W10-67,piece-to-piece,GROUT_TUBE,GT75-1219,75Ø x 1219 GROUT TUBE,1,ROD76,Zero_Density,e00853d8-d7f2-4d3c-97a0-0d636d1fa855
W10-67,piece-to-piece,GROUT_TUBE,GT75-1219,75Ø x 1219 GROUT TUBE,1,ROD76,Zero_Density,68fa812e-bfdd-4acb-9ed6-1693feac19fa
W10-67,piece-to-piece,GROUT_TUBE,GT100-1219-11,100Øx1219 GROUT TUBE,1,ROD102,Zero_Density,04479b0c-b1e1-4f5e-ab56-0704d8578b0b
W10-67,piece-to-piece,GROUT_TUBE,GT100-1219-21,,1,ROD110,Zero_Density,f78a8525-a3b2-4f02-810a-6c5d15ebd927
W10-67,piece-to-piece,GROUT_TUBE,GT100-1219-31,,1,ROD76,Zero_Density,968ff2cb-87bb-482f-953b-ed2cd2ab5af6
W10-67,piece-to-piece,INSERT,SP25-1067-11,SP25Mx1067 WILLIAMS S,1,ROD25.4,A706-GR.60,24aa0394-6f84-4158-b6f3-abc29aeb3ee5
W10-67,piece-to-piece,EMBED,SP25-1067-31,,1,PD66.675*15.875,A706-GR.60,e5473959-ad6a-437f-a1c0-4ac0c0874f0e
W10-67,piece-to-piece,EMBED,SP25-1067-21,,1,ROD41.275,A706-GR.60,d0d19829-150e-4de1-898c-1698cc05c306
W10-67,piece-to-piece,INSERT,SP25-1067-11,SP25Mx1067 WILLIAMS S,1,ROD25.4,A706-GR.60,b277c5da-d07f-49df-8c6e-ea10c8bc309a
W10-67,piece-to-piece,EMBED,SP25-1067-31,,1,PD66.675*15.875,A706-GR.60,064f75ff-5309-4282-8b3b-8373dacef5d6
W10-67,piece-to-piece,EMBED,SP25-1067-21,,1,ROD41.275,A706-GR.60,595bb608-f1cc-4c5d-866e-d92b2a72d669
W10-67,piece-to-piece,INSERT,SP25-1067-11,SP25Mx1067 WILLIAMS S,1,ROD25.4,A706-GR.60,89acd80b-f8cc-47c4-9b0d-ebbee71289f1
W10-67,piece-to-piece,EMBED,SP25-1067-31,,1,PD66.675*15.875,A706-GR.60,c53c3464-18f9-49f1-a578-891ff7e90e88
W10-67,piece-to-piece,EMBED,SP25-1067-21,,1,ROD41.275,A706-GR.60,84c842fd-3478-461a-837e-4b6e89df5a28
W10-67,piece-to-piece,INSERT,SP25-1067-11,SP25Mx1067 WILLIAMS S,1,ROD25.4,A706-GR.60,2edb9594-925e-4851-be73-52f583038b2c
W10-67,piece-to-piece,EMBED,SP25-1067-31,,1,PD66.675*15.875,A706-GR.60,bf670f8e-5e32-4164-bd47-015a4fa8eac3
W10-67,piece-to-piece,EMBED,SP25-1067-21,,1,ROD41.275,A706-GR.60,0931a627-bd2a-4d7e-a1d4-feaae4f518ef
W10-67,piece-to-piece,INSERT,SP25-1067-11,SP25Mx1067 WILLIAMS S,1,ROD25.4,A706-GR.60,8ce79183-d9a5-4e75-8d0b-797b11167991
W10-67,piece-to-piece,EMBED,SP25-1067-31,,1,PD66.675*15.875,A706-GR.60,d888138c-c0fb-449c-abf6-2f02860bcebc
W10-67,piece-to-piece,EMBED,SP25-1067-21,,1,ROD41.275,A706-GR.60,1a4000ca-cc41-4cff-b2e0-2dd791f68e17
W10-67,piece-to-piece,INSERT,SP25-1067-11,SP25Mx1067 WILLIAMS S,1,ROD25.4,A706-GR.60,d5a14590-ac33-4664-ac33-44455d09d0f6
W10-67,piece-to-piece,EMBED,SP25-1067-31,,1,PD66.675*15.875,A706-GR.60,4f198f39-02f1-47d3-964a-5fb43201307d
W10-67,piece-to-piece,EMBED,SP25-1067-21,,1,ROD41.275,A706-GR.60,7c1483cb-e38c-4a13-ab2d-55a51c5a12c5
W10-67,piece-to-piece,INSERT,SP25-1067-11,SP25Mx1067 WILLIAMS S,1,ROD25.4,A706-GR.60,87fb1861-44ff-451b-b87a-a94d37c62f28
W10-67,piece-to-piece,EMBED,SP25-1067-31,,1,PD66.675*15.875,A706-GR.60,34ca9bd0-7c93-4b1f-bae6-e91a54c7e9df
W10-67,piece-to-piece,EMBED,SP25-1067-21,,1,ROD41.275,A706-GR.60,de130d16-c1fb-4840-b8c2-a3b0af2e3b09
W10-67,piece-to-piece,INSERT,SP25-1067-11,SP25Mx1067 WILLIAMS S,1,ROD25.4,A706-GR.60,3ff9ff4c-b9bf-408c-97ec-80536113309d
W10-67,piece-to-piece,EMBED,SP25-1067-31,,1,PD66.675*15.875,A706-GR.60,9f28b1ca-6202-485a-aec2-be44e8bc72e4
W10-67,piece-to-piece,EMBED,SP25-1067-21,,1,ROD41.275,A706-GR.60,af35a956-4886-4aa6-aab2-2c56f4c466e6
W10-67,piece-to-piece,INSERT,SP30-1219-11,30Mx1219 WILLIAMS SPL,1,ROD30.16,A706-GR.60,9c624f47-01f8-47aa-9b59-cd3025b82168
W10-67,piece-to-piece,EMBED,SP30-1219-31,,1,PD71.438*19.05,A706-GR.60,7ab7d13b-771b-47c1-93ad-863ed7b757a9
W10-67,piece-to-piece,EMBED,SP30-1219-21,,1,ROD44.45,A706-GR.60,aa86070a-d8fd-462a-af96-ecdf3a470691
W10-67,piece-to-piece,GROUT_TUBE,GT76-254,76Øx254mm G.TUBE,1,ROD76.2,Zero_Density,c25bc895-8491-467f-a10a-72c88e46a670
W10-67,piece-to-piece,GROUT_TUBE,GT76-254,76Øx254mm G.TUBE,1,ROD76.2,Zero_Density,197aaf6b-b0a5-4dc0-9248-7022bd519b4d
W10-67,piece-to-piece,GROUT_TUBE,GT76-254,76Øx254mm G.TUBE,1,ROD76.2,Zero_Density,7e0a02f8-cc2f-4268-976f-a704001144b3
W10-67,piece-to-piece,GROUT_TUBE,GT76-254,76Øx254mm G.TUBE,1,ROD76.2,Zero_Density,9f20a69b-0105-4718-8307-974c19187b35
W10-67,piece-to-piece,GROUT_TUBE,GT76-254,76Øx254mm G.TUBE,1,ROD76.2,Zero_Density,f15ba94c-1c46-46c6-88b7-dc7485724a81
W10-67,piece-to-piece,GROUT_TUBE,GT76-254,76Øx254mm G.TUBE,1,ROD76.2,Zero_Density,66d3656f-cf52-4804-a3e1-6f60935e6e94
W10-67,piece-to-piece,CONDUIT,CNDT37,19MM CONDUIT,1,ROD19,Zero_Density,d2e4e0bb-1513-417f-8ccd-790f97cf9354
W10-67,piece-to-piece,PLATE,EB-S-PL1,Single Plastic Electr,1,160*50.8,Zero_Density,ceb23fbb-5c50-4baf-a6dc-3f6fdd2fe0a2
W10-67,piece-to-piece,EMBED,P-602-11,13PL. W/STUD,1,PL101.6*12.7,A572-GR.50,24d12828-c5fc-4747-83c1-9a3ad039635f
W10-67,piece-to-piece,EMBED,P-602-21,,1,STUD_1/2-DIA,A108-C1010-1020,22b26b29-c102-4bca-bbc3-3d9ccf9125fe
W10-67,piece-to-piece,INSERT,P-300-11,19Ø INSERT (NC),1,ROD23.813,A36,8b67687b-9d05-43d9-89dd-003962f24107
W10-67,piece-to-piece,EMBED,P-300-21,,1,ROD6.35,A36,0e1edce1-be46-4002-8903-c64c57b047c2
W10-67,piece-to-piece,INSERT,P-300-11,19Ø INSERT (NC),1,ROD23.813,A36,66fce9c7-39e8-42e9-831d-b284dc8b2ac8
W10-67,piece-to-piece,EMBED,P-300-21,,1,ROD6.35,A36,9b9ce7e0-b4ed-46aa-aea4-168be442d379
W10-67,piece-to-piece,ANCHOR,P-205-11,12000LB FORGED ANCHOR,1,PL15.88,A36,8bd12415-caa8-47e1-b8a2-09516e32fd37
W10-67,piece-to-piece,EMBED,P-205-21,,1,PL76.2*12.7,A36,6b59c8a4-a658-4c25-ab81-6930874f8687
W10-67,piece-to-piece,EMBED,P-205-31,,1,SPHERE47.625,A36,6e1d070a-da2d-45d2-bc25-670779ae585a
W10-67,piece-to-piece,EMBED,P-205-32,,1,PL54,Steel_Undefined,a14d1f27-e79a-4eb8-a671-560b3b3d245f
W10-67,piece-to-piece,ANCHOR,P-205-11,12000LB FORGED ANCHOR,1,PL15.88,A36,9ad1e266-2738-43a9-ae46-cfb34de037ec
W10-67,piece-to-piece,EMBED,P-205-21,,1,PL76.2*12.7,A36,cb1226bb-8469-4bb9-9520-26b485ef65d4
W10-67,piece-to-piece,EMBED,P-205-31,,1,SPHERE47.625,A36,2c2ec512-5915-48b9-881d-4d4daa179b7f
W10-67,piece-to-piece,EMBED,P-205-32,,1,PL54,Steel_Undefined,3d32102a-dce6-4514-839b-4162ee50f707
W10-67,piece-to-piece,ANCHOR,P-205-11,12000LB FORGED ANCHOR,1,PL15.88,A36,e15ad556-60f0-44eb-af2c-6c5a277a5f3c
W10-67,piece-to-piece,EMBED,P-205-21,,1,PL76.2*12.7,A36,a7e388b4-f2b9-4f24-ab4e-6f836b1cccfc
W10-67,piece-to-piece,EMBED,P-205-31,,1,SPHERE47.625,A36,a81f0736-f9f7-4c19-81f5-5aa329287c91
W10-67,piece-to-piece,EMBED,P-205-32,,1,PL54,Steel_Undefined,68fe2832-4aa9-43df-b1bd-a5744e386149
W10-67,piece-to-piece,ANCHOR,P-205-11,12000LB FORGED ANCHOR,1,PL15.88,A36,78007668-05e0-4acb-942e-b2f9735677bb
W10-67,piece-to-piece,EMBED,P-205-21,,1,PL76.2*12.7,A36,8da4ee5b-a77a-4df5-bab8-55ab11a6c6ee
W10-67,piece-to-piece,EMBED,P-205-31,,1,SPHERE47.625,A36,5075210e-4375-41c4-af67-055b733dba98
W10-67,piece-to-piece,EMBED,P-205-32,,1,PL54,Steel_Undefined,749debd5-fc75-4696-b5e2-f42d1d67e6e6
W10-175,piece-to-piece,EMBED,MPX11,V REVEAL LARGE,1,TRIANGLE12.7*12.7,Misc_Undefined,537cf6d7-66f0-4907-bdc6-bd6c6f96b999
W10-175,piece-to-piece,INSERT,P-300-11,19Ø INSERT (NC),1,ROD23.813,A36,f0690f9d-60a5-4c2c-81bf-7a3463b816ca
W10-175,piece-to-piece,EMBED,P-300-21,,1,ROD6.35,A36,eb642961-8f7f-4c1f-8763-d47fb38c2a7d
W10-175,piece-to-piece,INSERT,P-300-11,19Ø INSERT (NC),1,ROD23.813,A36,bb48f03e-ded3-4c70-89a6-305f7e0d86b3
W10-175,piece-to-piece,EMBED,P-300-21,,1,ROD6.35,A36,5127cf80-4d07-42cc-aa8a-7b3482af2dfe
W10-175,piece-to-piece,INSERT,P-300-11,19Ø INSERT (NC),1,ROD23.813,A36,4ca4ae16-6e48-49ad-b5fd-76e4989a0a13
W10-175,piece-to-piece,EMBED,P-300-21,,1,ROD6.35,A36,c37201e0-274b-4210-a782-a336ed53752e
W10-175,piece-to-piece,GROUT_TUBE,GT75-686,75Ø x 686 GROUT TUBE,1,ROD76,Zero_Density,f36bb48e-70a9-4d6b-96d8-f3907a3c8d5c
W10-175,piece-to-piece,GROUT_TUBE,GT75-686,75Ø x 686 GROUT TUBE,1,ROD76,Zero_Density,d48b4a46-3df3-40f1-af8e-89e662a9b365
W10-175,piece-to-piece,INSERT,SP15-457-11,15Mx457 WILLIAMS SPL,1,ROD16,400W,08fbf696-3f06-4b51-8a17-85e49a5a5e72
W10-175,piece-to-piece,INSERT,SP15-457-31,,1,PD52.387*12.7,400W,81613010-2d46-498a-a0a5-bd8d5e917967
W10-175,piece-to-piece,INSERT,SP15-457-21,,1,ROD26.987,400W,95aa8b63-fda7-42d0-bb33-fcca42536d9b
W10-175,piece-to-piece,INSERT,SP15-457-11,15Mx457 WILLIAMS SPL,1,ROD16,400W,c515750a-e32a-4bed-ba83-d31bfcc42a0a
W10-175,piece-to-piece,INSERT,SP15-457-31,,1,PD52.387*12.7,400W,350453d8-d6ab-49a0-9627-152fd04da80a
W10-175,piece-to-piece,INSERT,SP15-457-21,,1,ROD26.987,400W,df0a6f77-c648-4438-9327-3d548b0bb088
W10-175,piece-to-piece,GROUT_TUBE,GT75-1219,75Ø x 1219 GROUT TUBE,1,ROD76,Zero_Density,675587cb-9536-4f13-81e7-fce0a4e34c56
W10-175,piece-to-piece,GROUT_TUBE,GT75-1219,75Ø x 1219 GROUT TUBE,1,ROD76,Zero_Density,079466ed-5aa0-46a2-9791-4f9cd19a67a8
W10-175,piece-to-piece,GROUT_TUBE,GT75-1219,75Ø x 1219 GROUT TUBE,1,ROD76,Zero_Density,e04d1039-72f8-4520-ac96-49e241dc1fe1
W10-175,piece-to-piece,GROUT_TUBE,GT75-1219,75Ø x 1219 GROUT TUBE,1,ROD76,Zero_Density,f0f0ec81-87fc-4851-b56d-75ae5c84d55d
W10-175,piece-to-piece,GROUT_TUBE,GT75-1219,75Ø x 1219 GROUT TUBE,1,ROD76,Zero_Density,e5b9b815-44d7-4571-8564-08b24ed35cc8
W10-175,piece-to-piece,GROUT_TUBE,GT75-1219,75Ø x 1219 GROUT TUBE,1,ROD76,Zero_Density,c3733152-17c4-4bf3-ab9a-f8cb6b9808fe
W10-175,piece-to-piece,GROUT_TUBE,GT75-1219,75Ø x 1219 GROUT TUBE,1,ROD76,Zero_Density,cc7dab33-d463-47e2-8322-8bdd768ceb30
W10-175,piece-to-piece,GROUT_TUBE,GT75-1219,75Ø x 1219 GROUT TUBE,1,ROD76,Zero_Density,f04ff3a4-3f06-4a08-a140-09875cb3be1c
W10-175,piece-to-piece,GROUT_TUBE,GT100-1219-11,100Øx1219 GROUT TUBE,1,ROD102,Zero_Density,67bd676c-4270-4ec2-81c5-3d609f71bda2
W10-175,piece-to-piece,GROUT_TUBE,GT100-1219-21,,1,ROD110,Zero_Density,9ddcd247-be94-433c-a173-d32a322386ff
W10-175,piece-to-piece,GROUT_TUBE,GT100-1219-31,,1,ROD76,Zero_Density,ca1644cd-93e0-460e-a4b4-7e2c8e02b3af
W10-175,piece-to-piece,INSERT,SP25-1067-11,SP25Mx1067 WILLIAMS S,1,ROD25.4,A706-GR.60,5a2b201e-7b76-4945-abcb-f4e34d0a62f8
W10-175,piece-to-piece,EMBED,SP25-1067-31,,1,PD66.675*15.875,A706-GR.60,49aaf9af-309a-42d7-89d4-acf04146727d
W10-175,piece-to-piece,EMBED,SP25-1067-21,,1,ROD41.275,A706-GR.60,32d69256-74ee-44c2-a47d-88eea7a7e978
W10-175,piece-to-piece,INSERT,SP25-1067-11,SP25Mx1067 WILLIAMS S,1,ROD25.4,A706-GR.60,5d63a7f3-2815-4434-ac1a-1f0a4159b386
W10-175,piece-to-piece,EMBED,SP25-1067-31,,1,PD66.675*15.875,A706-GR.60,2dac7736-7386-469f-aafe-aaf559801a0c
W10-175,piece-to-piece,EMBED,SP25-1067-21,,1,ROD41.275,A706-GR.60,131ebc4d-b1cd-4711-9aa2-f50f68f768ed
W10-175,piece-to-piece,INSERT,SP25-1067-11,SP25Mx1067 WILLIAMS S,1,ROD25.4,A706-GR.60,7a58a071-0ee5-4f91-ad36-72f8fd84ce67
W10-175,piece-to-piece,EMBED,SP25-1067-31,,1,PD66.675*15.875,A706-GR.60,4793e89f-3b8a-49da-99ce-49d345a87d9b
W10-175,piece-to-piece,EMBED,SP25-1067-21,,1,ROD41.275,A706-GR.60,9ca41416-723f-4f59-ad47-6fe126c34ee6
W10-175,piece-to-piece,INSERT,SP25-1067-11,SP25Mx1067 WILLIAMS S,1,ROD25.4,A706-GR.60,1b50a2bd-43db-4e2a-ab3c-027e417a624a
W10-175,piece-to-piece,EMBED,SP25-1067-31,,1,PD66.675*15.875,A706-GR.60,6ce01931-e37b-4542-bae6-ad29542f1c49
W10-175,piece-to-piece,EMBED,SP25-1067-21,,1,ROD41.275,A706-GR.60,7375fb4c-a128-4ae3-afa9-48594529c2d2
W10-175,piece-to-piece,INSERT,SP25-1067-11,SP25Mx1067 WILLIAMS S,1,ROD25.4,A706-GR.60,090ba467-c863-477f-b900-39fda30e505f
W10-175,piece-to-piece,EMBED,SP25-1067-31,,1,PD66.675*15.875,A706-GR.60,6de4841a-5aaf-43bf-91db-5f566a73fc30
W10-175,piece-to-piece,EMBED,SP25-1067-21,,1,ROD41.275,A706-GR.60,87c2d066-1a08-4760-8cfa-ffbcb0a2dd1c
W10-175,piece-to-piece,INSERT,SP25-1067-11,SP25Mx1067 WILLIAMS S,1,ROD25.4,A706-GR.60,24f016e0-61ad-417a-b89c-8ca65c0622f3
W10-175,piece-to-piece,EMBED,SP25-1067-31,,1,PD66.675*15.875,A706-GR.60,0a01e45e-793a-4a5a-b366-db36f5c57fba
W10-175,piece-to-piece,EMBED,SP25-1067-21,,1,ROD41.275,A706-GR.60,b212a1a3-9d99-4bb8-a385-bf991a73eccb
W10-175,piece-to-piece,INSERT,SP25-1067-11,SP25Mx1067 WILLIAMS S,1,ROD25.4,A706-GR.60,93d3555a-23aa-4a7b-a4e4-01c83bf0f130
W10-175,piece-to-piece,EMBED,SP25-1067-31,,1,PD66.675*15.875,A706-GR.60,aa229e8d-f684-4120-b3e7-b193868cfeb3
W10-175,piece-to-piece,EMBED,SP25-1067-21,,1,ROD41.275,A706-GR.60,5ee19314-3d25-4f69-b6ba-9c395a7934d5
W10-175,piece-to-piece,INSERT,SP25-1067-11,SP25Mx1067 WILLIAMS S,1,ROD25.4,A706-GR.60,5f73714e-9fe3-4d01-9687-7b3bce1c6f91
W10-175,piece-to-piece,EMBED,SP25-1067-31,,1,PD66.675*15.875,A706-GR.60,f90d481b-5979-4d7d-ab22-e136affa11f1
W10-175,piece-to-piece,EMBED,SP25-1067-21,,1,ROD41.275,A706-GR.60,536a0bc0-0b2e-4b0c-92ef-3afd60768569
W10-175,piece-to-piece,INSERT,SP30-1219-11,30Mx1219 WILLIAMS SPL,1,ROD30.16,A706-GR.60,157b2433-7572-42f2-80bd-909a1aab07ae
W10-175,piece-to-piece,EMBED,SP30-1219-31,,1,PD71.438*19.05,A706-GR.60,ca1cc0d4-4932-465b-a275-53bcd6ebd259
W10-175,piece-to-piece,EMBED,SP30-1219-21,,1,ROD44.45,A706-GR.60,36b7f02d-6634-4fe6-a99e-0aca38e2a307
W10-175,piece-to-piece,GROUT_TUBE,GT76-254,76Øx254mm G.TUBE,1,ROD76.2,Zero_Density,4cd1d32b-db62-4b7b-a2a9-a491c1ca264a
W10-175,piece-to-piece,GROUT_TUBE,GT76-254,76Øx254mm G.TUBE,1,ROD76.2,Zero_Density,5a0e132a-0433-4813-a5b5-3b7ef308cb11
W10-175,piece-to-piece,GROUT_TUBE,GT76-254,76Øx254mm G.TUBE,1,ROD76.2,Zero_Density,fc378025-e240-4912-86da-b83766044832
W10-175,piece-to-piece,GROUT_TUBE,GT76-254,76Øx254mm G.TUBE,1,ROD76.2,Zero_Density,0ef3aa14-038e-41fa-a6c5-a6f1c3628f7a
W10-175,piece-to-piece,GROUT_TUBE,GT76-254,76Øx254mm G.TUBE,1,ROD76.2,Zero_Density,e9c4bc85-4db1-4cbb-b448-8c0a1184c236
W10-175,piece-to-piece,GROUT_TUBE,GT76-254,76Øx254mm G.TUBE,1,ROD76.2,Zero_Density,21135b00-f7d9-4107-9973-63ff4b53a8f8
W10-175,piece-to-piece,CONDUIT,CNDT37,19MM CONDUIT,1,ROD19,Zero_Density,5efd40dc-159b-4a08-a9d5-f4e8e6f86199
W10-175,piece-to-piece,PLATE,EB-S-PL1,Single Plastic Electr,1,160*50.8,Zero_Density,b440b481-a866-4e35-98d4-04d4f91fb8ed
W10-175,piece-to-piece,EMBED,P-602-11,13PL. W/STUD,1,PL101.6*12.7,A572-GR.50,fe26089a-4ff6-4306-8c03-ab1aa538c4fe
W10-175,piece-to-piece,EMBED,P-602-21,,1,STUD_1/2-DIA,A108-C1010-1020,99c712a7-70e8-4023-a474-6d483fe067af
W10-175,piece-to-piece,INSERT,P-300-11,19Ø INSERT (NC),1,ROD23.813,A36,dfe96c5a-b763-466e-8f77-0def8b234c8c
W10-175,piece-to-piece,EMBED,P-300-21,,1,ROD6.35,A36,f3dac0b4-db99-4b5e-b4de-8f77e3fbec52
W10-175,piece-to-piece,INSERT,P-300-11,19Ø INSERT (NC),1,ROD23.813,A36,ffe11c22-42d0-463a-aa6d-3e430b3ea894
W10-175,piece-to-piece,EMBED,P-300-21,,1,ROD6.35,A36,6d8d7b67-129f-4701-8c31-477807a033c7
W10-175,piece-to-piece,ANCHOR,P-205-11,12000LB FORGED ANCHOR,1,PL15.88,A36,92e4fd36-13d1-4655-a7de-fcae240e0e63
W10-175,piece-to-piece,EMBED,P-205-21,,1,PL76.2*12.7,A36,0dca3bcf-1c42-4f41-81de-b0ef07bc9dd4
W10-175,piece-to-piece,EMBED,P-205-31,,1,SPHERE47.625,A36,501a5975-a13d-4b2b-b83b-0ea739c5a90a
W10-175,piece-to-piece,EMBED,P-205-32,,1,PL54,Steel_Undefined,cda46740-ace7-448d-b321-9f6d208dbcfd
W10-175,piece-to-piece,ANCHOR,P-205-11,12000LB FORGED ANCHOR,1,PL15.88,A36,e48ceb52-5cef-4586-a334-6c34bc896b38
W10-175,piece-to-piece,EMBED,P-205-21,,1,PL76.2*12.7,A36,5c712ffd-6247-4570-899b-63fe339159eb
W10-175,piece-to-piece,EMBED,P-205-31,,1,SPHERE47.625,A36,cbfdaded-f8cb-48f7-b4f5-4b27c8f86c9b
W10-175,piece-to-piece,EMBED,P-205-32,,1,PL54,Steel_Undefined,3fff613f-a864-4ac9-a323-ab1a5544b9f0
W10-175,piece-to-piece,ANCHOR,P-205-11,12000LB FORGED ANCHOR,1,PL15.88,A36,1736981f-ffdf-411f-b6d1-ee858eba8d6b
W10-175,piece-to-piece,EMBED,P-205-21,,1,PL76.2*12.7,A36,bc8f9467-b5b5-499a-b3e3-4c9f0e40bd64
W10-175,piece-to-piece,EMBED,P-205-31,,1,SPHERE47.625,A36,80192d9b-11b0-41ec-a8e6-0ff6bdbffbf8
W10-175,piece-to-piece,EMBED,P-205-32,,1,PL54,Steel_Undefined,deaf2fd0-dd77-42da-8a4d-10c8294b27b8
W10-175,piece-to-piece,ANCHOR,P-205-11,12000LB FORGED ANCHOR,1,PL15.88,A36,e2b6cf5a-977c-4932-9ba4-2ef83016012b
W10-175,piece-to-piece,EMBED,P-205-21,,1,PL76.2*12.7,A36,f2fb4003-a041-4166-90d1-6b19853cf7f8
W10-175,piece-to-piece,EMBED,P-205-31,,1,SPHERE47.625,A36,65c12227-ce40-4598-9b05-91aecdfff46a
W10-175,piece-to-piece,EMBED,P-205-32,,1,PL54,Steel_Undefined,cfb09bc6-c80e-4d1b-a92a-18a9081c61de
